Date,Price,Quarter
2000-01-04,23.95,1
2000-01-05,23.72,1
2000-01-06,23.55,1
2000-01-07,23.35,1
2000-01-10,22.77,1
2000-01-11,23.93,1
2000-01-12,24.62,1
2000-01-13,24.9,1
2000-01-14,25.5,1
2000-01-17,25.99,1
2000-01-18,26.31,1
2000-01-19,26.17,1
2000-01-20,26.26,1
2000-01-21,27.18,1
2000-01-24,27.02,1
2000-01-25,27.24,1
2000-01-26,27.18,1
2000-01-27,26.91,1
2000-01-28,26.59,1
2000-01-31,27.08,1
2000-02-01,27.35,1
2000-02-02,27.15,1
2000-02-03,27.6,1
2000-02-04,27.48,1
2000-02-07,27.94,1
2000-02-08,27.61,1
2000-02-09,27.44,1
2000-02-10,27.32,1
2000-02-11,27.82,1
2000-02-14,28.03,1
2000-02-15,28.12,1
2000-02-16,28.11,1
2000-02-17,27.54,1
2000-02-18,27.26,1
2000-02-21,26.93,1
2000-02-22,27.22,1
2000-02-23,27.92,1
2000-02-24,28.21,1
2000-02-25,28.53,1
2000-02-28,28.7,1
2000-02-29,29.01,1
2000-03-01,29.78,1
2000-03-02,30.12,1
2000-03-03,29.83,1
2000-03-06,30.08,1
2000-03-07,31.93,1
2000-03-08,31.41,1
2000-03-09,29.11,1
2000-03-10,28.97,1
2000-03-13,29.25,1
2000-03-14,28.83,1
2000-03-15,28.03,1
2000-03-16,27.97,1
2000-03-17,27.87,1
2000-03-20,25.59,1
2000-03-21,24.93,1
2000-03-22,25.77,1
2000-03-23,25.32,1
2000-03-24,25.74,1
2000-03-27,25.16,1
2000-03-28,24.8,1
2000-03-29,23.77,1
2000-03-30,23.94,1
2000-03-31,23.98,1
2000-04-03,24.62,2
2000-04-04,23.26,2
2000-04-05,22.98,2
2000-04-06,22.9,2
2000-04-07,22.63,2
2000-04-10,21.08,2
2000-04-11,21.05,2
2000-04-12,21.4,2
2000-04-13,22.65,2
2000-04-14,22.13,2
2000-04-17,22.2,2
2000-04-18,22.67,2
2000-04-19,23.5,2
2000-04-20,23.57,2
2000-04-25,23.36,2
2000-04-26,22.9,2
2000-04-27,23.07,2
2000-04-28,23.79,2
2000-05-02,24.73,2
2000-05-03,25.13,2
2000-05-04,25.06,2
2000-05-05,24.93,2
2000-05-08,26.03,2
2000-05-09,26.69,2
2000-05-10,26.59,2
2000-05-11,27.22,2
2000-05-12,27.98,2
2000-05-15,28.26,2
2000-05-16,28.78,2
2000-05-17,28.4,2
2000-05-18,28.9,2
2000-05-19,29.01,2
2000-05-22,28.45,2
2000-05-23,28.12,2
2000-05-24,28.97,2
2000-05-25,29.62,2
2000-05-26,30.09,2
2000-05-30,29.89,2
2000-05-31,29.64,2
2000-06-01,29.69,2
2000-06-02,29.35,2
2000-06-05,28.27,2
2000-06-06,28.42,2
2000-06-07,28.32,2
2000-06-08,29.34,2
2000-06-09,29.0,2
2000-06-12,30.1,2
2000-06-13,30.4,2
2000-06-14,30.12,2
2000-06-15,29.77,2
2000-06-16,28.68,2
2000-06-19,27.69,2
2000-06-20,28.86,2
2000-06-21,30.71,2
2000-06-22,30.61,2
2000-06-23,31.02,2
2000-06-26,30.9,2
2000-06-27,30.47,2
2000-06-28,31.15,2
2000-06-29,31.05,2
2000-06-30,31.58,2
2000-07-03,32.15,3
2000-07-04,30.73,3
2000-07-05,30.35,3
2000-07-06,30.67,3
2000-07-07,30.62,3
2000-07-10,30.58,3
2000-07-11,29.83,3
2000-07-12,30.27,3
2000-07-13,31.15,3
2000-07-14,30.82,3
2000-07-17,28.44,3
2000-07-18,28.46,3
2000-07-19,28.33,3
2000-07-20,27.85,3
2000-07-21,26.68,3
2000-07-24,26.84,3
2000-07-25,25.78,3
2000-07-26,25.92,3
2000-07-27,25.6,3
2000-07-28,25.96,3
2000-07-31,25.3,3
2000-08-01,25.24,3
2000-08-02,26.8,3
2000-08-03,27.04,3
2000-08-04,28.01,3
2000-08-07,27.56,3
2000-08-08,27.58,3
2000-08-09,28.13,3
2000-08-10,28.98,3
2000-08-11,29.44,3
2000-08-14,29.24,3
2000-08-15,30.0,3
2000-08-16,29.66,3
2000-08-17,30.71,3
2000-08-18,30.76,3
2000-08-21,31.34,3
2000-08-22,30.18,3
2000-08-23,32.38,3
2000-08-24,31.67,3
2000-08-25,33.26,3
2000-08-28,33.29,3
2000-08-29,34.03,3
2000-08-30,34.13,3
2000-08-31,35.08,3
2000-09-01,35.09,3
2000-09-04,36.02,3
2000-09-05,35.72,3
2000-09-06,36.7,3
2000-09-07,37.43,3
2000-09-08,36.27,3
2000-09-11,36.87,3
2000-09-12,33.3,3
2000-09-13,31.08,3
2000-09-14,31.35,3
2000-09-15,33.68,3
2000-09-18,34.55,3
2000-09-19,33.48,3
2000-09-20,33.67,3
2000-09-21,32.18,3
2000-09-22,31.59,3
2000-09-25,30.01,3
2000-09-26,29.94,3
2000-09-27,29.78,3
2000-09-28,28.91,3
2000-09-29,28.42,3
2000-10-02,29.65,4
2000-10-03,30.64,4
2000-10-04,30.07,4
2000-10-05,29.19,4
2000-10-06,29.62,4
2000-10-09,29.99,4
2000-10-10,30.95,4
2000-10-11,31.25,4
2000-10-12,33.45,4
2000-10-13,33.5,4
2000-10-16,32.03,4
2000-10-17,30.38,4
2000-10-18,30.98,4
2000-10-19,31.29,4
2000-10-20,30.16,4
2000-10-23,30.98,4
2000-10-24,31.81,4
2000-10-25,31.17,4
2000-10-26,31.48,4
2000-10-27,31.31,4
2000-10-30,31.09,4
2000-10-31,30.15,4
2000-11-01,31.62,4
2000-11-02,30.81,4
2000-11-03,30.81,4
2000-11-06,31.0,4
2000-11-07,31.59,4
2000-11-08,31.3,4
2000-11-09,31.79,4
2000-11-10,32.26,4
2000-11-13,32.5,4
2000-11-14,33.05,4
2000-11-15,33.82,4
2000-11-16,34.16,4
2000-11-17,33.09,4
2000-11-20,34.23,4
2000-11-21,33.33,4
2000-11-22,33.11,4
2000-11-23,33.29,4
2000-11-24,33.35,4
2000-11-27,33.47,4
2000-11-28,32.59,4
2000-11-29,32.45,4
2000-11-30,32.53,4
2000-12-01,31.59,4
2000-12-04,30.37,4
2000-12-05,28.88,4
2000-12-06,27.47,4
2000-12-07,27.85,4
2000-12-08,26.85,4
2000-12-11,27.28,4
2000-12-12,26.81,4
2000-12-13,26.84,4
2000-12-14,24.32,4
2000-12-15,24.44,4
2000-12-18,25.11,4
2000-12-19,24.36,4
2000-12-20,23.29,4
2000-12-21,22.4,4
2000-12-22,22.23,4
2000-12-27,22.58,4
2000-12-28,22.29,4
2000-12-29,22.58,4
2001-01-02,23.43,1
2001-01-03,23.44,1
2001-01-04,24.57,1
2001-01-05,24.77,1
2001-01-08,24.75,1
2001-01-09,24.13,1
2001-01-10,24.98,1
2001-01-11,25.6,1
2001-01-12,25.63,1
2001-01-15,26.03,1
2001-01-16,25.52,1
2001-01-17,24.27,1
2001-01-18,24.74,1
2001-01-19,26.29,1
2001-01-22,27.69,1
2001-01-23,27.02,1
2001-01-24,27.04,1
2001-01-25,26.94,1
2001-01-26,27.04,1
2001-01-29,26.95,1
2001-01-30,26.32,1
2001-01-31,26.59,1
2001-02-01,27.17,1
2001-02-02,28.9,1
2001-02-05,29.25,1
2001-02-06,29.1,1
2001-02-07,29.54,1
2001-02-08,30.68,1
2001-02-09,29.53,1
2001-02-12,29.32,1
2001-02-13,28.0,1
2001-02-14,27.89,1
2001-02-15,26.33,1
2001-02-16,26.61,1
2001-02-19,27.05,1
2001-02-20,26.45,1
2001-02-21,26.1,1
2001-02-22,25.75,1
2001-02-23,26.12,1
2001-02-26,25.84,1
2001-02-27,25.28,1
2001-02-28,25.16,1
2001-03-01,24.76,1
2001-03-02,25.28,1
2001-03-05,25.98,1
2001-03-06,25.59,1
2001-03-07,25.91,1
2001-03-08,26.37,1
2001-03-09,25.78,1
2001-03-12,25.34,1
2001-03-13,24.8,1
2001-03-14,24.31,1
2001-03-15,23.37,1
2001-03-16,23.84,1
2001-03-19,23.19,1
2001-03-20,23.63,1
2001-03-21,23.21,1
2001-03-22,23.45,1
2001-03-23,23.94,1
2001-03-26,24.01,1
2001-03-27,24.41,1
2001-03-28,24.5,1
2001-03-29,23.77,1
2001-03-30,23.5,1
2001-04-02,23.31,2
2001-04-03,23.47,2
2001-04-04,24.35,2
2001-04-05,24.87,2
2001-04-06,24.02,2
2001-04-09,24.37,2
2001-04-10,25.64,2
2001-04-11,26.08,2
2001-04-12,27.12,2
2001-04-13,26.8,2
2001-04-16,26.8,2
2001-04-17,26.99,2
2001-04-18,26.11,2
2001-04-19,25.86,2
2001-04-20,25.57,2
2001-04-23,25.42,2
2001-04-24,25.76,2
2001-04-25,25.49,2
2001-04-26,26.71,2
2001-04-27,26.85,2
2001-04-30,27.21,2
2001-05-01,27.31,2
2001-05-02,26.82,2
2001-05-03,27.46,2
2001-05-04,27.59,2
2001-05-07,27.71,2
2001-05-08,27.45,2
2001-05-09,27.46,2
2001-05-10,28.27,2
2001-05-11,27.97,2
2001-05-14,27.77,2
2001-05-15,27.88,2
2001-05-16,28.19,2
2001-05-17,28.57,2
2001-05-18,29.3,2
2001-05-21,29.8,2
2001-05-22,29.72,2
2001-05-23,29.51,2
2001-05-24,28.85,2
2001-05-25,28.69,2
2001-05-29,29.11,2
2001-05-30,28.92,2
2001-05-31,28.55,2
2001-06-01,28.86,2
2001-06-04,28.95,2
2001-06-05,29.25,2
2001-06-06,28.73,2
2001-06-07,28.55,2
2001-06-08,28.88,2
2001-06-11,29.57,2
2001-06-12,29.03,2
2001-06-13,29.13,2
2001-06-14,28.5,2
2001-06-15,28.13,2
2001-06-18,27.61,2
2001-06-19,26.68,2
2001-06-20,26.24,2
2001-06-21,26.7,2
2001-06-22,26.86,2
2001-06-25,27.36,2
2001-06-26,27.66,2
2001-06-27,26.25,2
2001-06-28,25.68,2
2001-06-29,26.21,2
2001-07-02,25.73,3
2001-07-03,25.56,3
2001-07-04,25.97,3
2001-07-05,25.69,3
2001-07-06,26.55,3
2001-07-09,25.59,3
2001-07-10,24.69,3
2001-07-11,24.44,3
2001-07-12,23.62,3
2001-07-13,24.02,3
2001-07-16,23.58,3
2001-07-17,23.9,3
2001-07-18,23.1,3
2001-07-19,23.35,3
2001-07-20,23.43,3
2001-07-23,24.44,3
2001-07-24,24.37,3
2001-07-25,24.9,3
2001-07-26,24.94,3
2001-07-27,24.82,3
2001-07-30,24.46,3
2001-07-31,24.35,3
2001-08-01,24.23,3
2001-08-02,25.49,3
2001-08-03,25.6,3
2001-08-06,25.39,3
2001-08-07,25.94,3
2001-08-08,25.61,3
2001-08-09,25.28,3
2001-08-10,25.78,3
2001-08-13,25.88,3
2001-08-14,25.71,3
2001-08-15,25.61,3
2001-08-16,25.18,3
2001-08-17,24.68,3
2001-08-20,24.35,3
2001-08-21,25.36,3
2001-08-22,25.71,3
2001-08-23,25.66,3
2001-08-24,26.33,3
2001-08-27,26.22,3
2001-08-28,26.46,3
2001-08-29,26.67,3
2001-08-30,26.7,3
2001-08-31,26.8,3
2001-09-03,26.52,3
2001-09-04,26.27,3
2001-09-05,26.27,3
2001-09-06,26.61,3
2001-09-07,27.54,3
2001-09-10,27.59,3
2001-09-11,29.12,3
2001-09-12,28.24,3
2001-09-13,28.2,3
2001-09-14,29.22,3
2001-09-17,28.32,3
2001-09-18,27.54,3
2001-09-19,25.44,3
2001-09-20,25.57,3
2001-09-21,25.17,3
2001-09-24,20.63,3
2001-09-25,20.13,3
2001-09-26,20.67,3
2001-09-27,21.47,3
2001-09-28,21.87,3
2001-10-01,21.22,4
2001-10-02,21.29,4
2001-10-03,20.63,4
2001-10-04,20.94,4
2001-10-05,21.46,4
2001-10-08,20.91,4
2001-10-09,20.65,4
2001-10-10,21.02,4
2001-10-11,21.38,4
2001-10-12,20.57,4
2001-10-15,20.36,4
2001-10-16,20.47,4
2001-10-17,19.47,4
2001-10-18,19.21,4
2001-10-19,19.91,4
2001-10-22,20.38,4
2001-10-23,20.56,4
2001-10-24,20.37,4
2001-10-25,20.67,4
2001-10-26,20.31,4
2001-10-29,20.55,4
2001-10-30,20.41,4
2001-10-31,19.63,4
2001-11-01,19.39,4
2001-11-02,18.63,4
2001-11-05,18.78,4
2001-11-06,18.64,4
2001-11-07,18.86,4
2001-11-08,19.54,4
2001-11-09,20.72,4
2001-11-12,19.48,4
2001-11-13,20.47,4
2001-11-14,18.78,4
2001-11-15,16.51,4
2001-11-16,16.86,4
2001-11-19,16.55,4
2001-11-20,18.82,4
2001-11-21,18.44,4
2001-11-22,19.65,4
2001-11-23,19.4,4
2001-11-26,18.66,4
2001-11-27,19.09,4
2001-11-28,18.81,4
2001-11-29,18.54,4
2001-11-30,18.92,4
2001-12-03,20.0,4
2001-12-04,19.28,4
2001-12-05,19.27,4
2001-12-06,18.57,4
2001-12-07,17.81,4
2001-12-10,18.03,4
2001-12-11,17.61,4
2001-12-12,18.13,4
2001-12-13,17.8,4
2001-12-14,18.54,4
2001-12-17,18.58,4
2001-12-18,18.51,4
2001-12-19,19.03,4
2001-12-20,18.87,4
2001-12-21,18.73,4
2001-12-24,18.65,4
2001-12-27,18.87,4
2001-12-28,19.77,4
2001-12-31,19.35,4
2002-01-02,20.13,1
2002-01-03,20.47,1
2002-01-04,21.2,1
2002-01-07,21.08,1
2002-01-08,21.03,1
2002-01-09,20.21,1
2002-01-10,19.71,1
2002-01-11,20.08,1
2002-01-14,18.89,1
2002-01-15,18.86,1
2002-01-16,18.5,1
2002-01-17,18.2,1
2002-01-18,18.17,1
2002-01-21,18.32,1
2002-01-22,18.7,1
2002-01-23,18.89,1
2002-01-24,18.91,1
2002-01-25,19.04,1
2002-01-28,19.74,1
2002-01-29,19.26,1
2002-01-30,18.71,1
2002-01-31,19.07,1
2002-02-01,19.7,1
2002-02-04,20.26,1
2002-02-05,19.9,1
2002-02-06,19.97,1
2002-02-07,19.42,1
2002-02-08,20.01,1
2002-02-11,20.08,1
2002-02-12,21.75,1
2002-02-13,21.41,1
2002-02-14,20.97,1
2002-02-15,20.76,1
2002-02-18,20.12,1
2002-02-19,20.18,1
2002-02-20,19.44,1
2002-02-21,20.21,1
2002-02-22,20.14,1
2002-02-25,19.78,1
2002-02-26,19.95,1
2002-02-27,20.73,1
2002-02-28,20.73,1
2002-03-01,21.83,1
2002-03-04,21.59,1
2002-03-05,22.25,1
2002-03-06,22.11,1
2002-03-07,23.1,1
2002-03-08,22.32,1
2002-03-11,23.14,1
2002-03-12,22.7,1
2002-03-13,23.6,1
2002-03-14,23.76,1
2002-03-15,23.9,1
2002-03-18,23.8,1
2002-03-19,24.51,1
2002-03-20,24.78,1
2002-03-21,24.25,1
2002-03-22,24.83,1
2002-03-25,24.75,1
2002-03-26,24.6,1
2002-03-27,25.13,1
2002-03-28,25.34,1
2002-03-29,25.34,1
2002-04-01,26.06,2
2002-04-02,26.97,2
2002-04-03,26.72,2
2002-04-04,26.97,2
2002-04-05,25.39,2
2002-04-08,26.36,2
2002-04-09,25.48,2
2002-04-10,25.13,2
2002-04-11,24.22,2
2002-04-12,23.25,2
2002-04-15,23.39,2
2002-04-16,24.03,2
2002-04-17,25.26,2
2002-04-18,25.9,2
2002-04-19,25.86,2
2002-04-22,25.96,2
2002-04-23,26.26,2
2002-04-24,26.2,2
2002-04-25,26.47,2
2002-04-26,26.32,2
2002-04-29,26.85,2
2002-04-30,26.98,2
2002-05-01,26.67,2
2002-05-02,25.73,2
2002-05-03,25.8,2
2002-05-07,25.53,2
2002-05-08,26.09,2
2002-05-09,26.09,2
2002-05-10,26.89,2
2002-05-13,26.3,2
2002-05-14,27.12,2
2002-05-15,27.17,2
2002-05-16,25.71,2
2002-05-17,25.45,2
2002-05-20,25.97,2
2002-05-21,24.99,2
2002-05-22,24.32,2
2002-05-23,24.01,2
2002-05-24,23.76,2
2002-05-27,23.52,2
2002-05-28,24.71,2
2002-05-29,24.18,2
2002-05-30,23.72,2
2002-05-31,23.87,2
2002-06-05,23.19,2
2002-06-06,22.79,2
2002-06-07,22.99,2
2002-06-10,22.83,2
2002-06-11,22.37,2
2002-06-12,23.09,2
2002-06-13,23.72,2
2002-06-14,23.97,2
2002-06-17,24.69,2
2002-06-18,24.64,2
2002-06-19,24.85,2
2002-06-20,24.42,2
2002-06-21,24.14,2
2002-06-24,24.99,2
2002-06-25,25.32,2
2002-06-26,24.75,2
2002-06-27,25.39,2
2002-06-28,25.33,2
2002-07-01,25.65,3
2002-07-02,25.64,3
2002-07-03,25.59,3
2002-07-04,25.51,3
2002-07-05,25.75,3
2002-07-08,25.08,3
2002-07-09,24.9,3
2002-07-10,25.82,3
2002-07-11,25.83,3
2002-07-12,26.11,3
2002-07-15,26.16,3
2002-07-16,25.94,3
2002-07-17,26.19,3
2002-07-18,26.72,3
2002-07-19,26.37,3
2002-07-22,25.7,3
2002-07-23,25.65,3
2002-07-24,25.43,3
2002-07-25,25.36,3
2002-07-26,25.1,3
2002-07-29,25.2,3
2002-07-30,25.95,3
2002-07-31,26.28,3
2002-08-01,25.79,3
2002-08-02,25.17,3
2002-08-05,25.2,3
2002-08-06,25.69,3
2002-08-07,25.7,3
2002-08-08,25.51,3
2002-08-09,25.49,3
2002-08-12,25.63,3
2002-08-13,26.11,3
2002-08-14,26.47,3
2002-08-15,26.66,3
2002-08-16,27.33,3
2002-08-19,27.44,3
2002-08-20,27.63,3
2002-08-21,27.53,3
2002-08-22,27.81,3
2002-08-23,27.51,3
2002-08-26,27.56,3
2002-08-27,27.89,3
2002-08-28,27.54,3
2002-08-29,27.11,3
2002-08-30,27.56,3
2002-09-02,27.45,3
2002-09-03,26.58,3
2002-09-04,27.31,3
2002-09-05,27.54,3
2002-09-06,28.36,3
2002-09-09,28.67,3
2002-09-10,28.92,3
2002-09-11,28.68,3
2002-09-12,27.76,3
2002-09-13,28.53,3
2002-09-16,28.38,3
2002-09-17,27.76,3
2002-09-18,28.41,3
2002-09-19,28.45,3
2002-09-20,28.61,3
2002-09-23,29.36,3
2002-09-24,29.47,3
2002-09-25,29.11,3
2002-09-26,28.93,3
2002-09-27,29.0,3
2002-09-30,29.11,3
2002-10-01,29.42,4
2002-10-02,29.14,4
2002-10-03,28.46,4
2002-10-04,28.32,4
2002-10-07,28.38,4
2002-10-08,28.28,4
2002-10-09,28.29,4
2002-10-10,27.7,4
2002-10-11,28.18,4
2002-10-14,28.56,4
2002-10-15,28.66,4
2002-10-16,28.61,4
2002-10-17,28.22,4
2002-10-18,28.2,4
2002-10-21,27.01,4
2002-10-22,26.69,4
2002-10-23,26.68,4
2002-10-24,26.78,4
2002-10-25,25.96,4
2002-10-28,25.44,4
2002-10-29,25.71,4
2002-10-30,25.29,4
2002-10-31,25.51,4
2002-11-01,25.78,4
2002-11-04,25.21,4
2002-11-05,24.66,4
2002-11-06,23.73,4
2002-11-07,24.36,4
2002-11-08,23.54,4
2002-11-11,23.86,4
2002-11-12,24.01,4
2002-11-13,22.96,4
2002-11-14,22.82,4
2002-11-15,23.33,4
2002-11-18,23.41,4
2002-11-19,24.05,4
2002-11-20,24.05,4
2002-11-21,24.52,4
2002-11-22,24.79,4
2002-11-25,24.85,4
2002-11-26,24.56,4
2002-11-27,25.11,4
2002-11-28,25.7,4
2002-11-29,25.74,4
2002-12-02,25.73,4
2002-12-03,26.09,4
2002-12-04,25.99,4
2002-12-05,26.07,4
2002-12-06,25.67,4
2002-12-09,26.06,4
2002-12-10,26.35,4
2002-12-11,26.85,4
2002-12-12,27.29,4
2002-12-13,27.64,4
2002-12-16,28.73,4
2002-12-17,29.25,4
2002-12-18,29.95,4
2002-12-19,30.26,4
2002-12-20,29.59,4
2002-12-23,30.61,4
2002-12-24,30.93,4
2002-12-27,31.49,4
2002-12-30,32.02,4
2002-12-31,30.12,4
2003-01-02,30.32,1
2003-01-03,31.43,1
2003-01-06,31.43,1
2003-01-07,30.78,1
2003-01-08,29.3,1
2003-01-09,30.26,1
2003-01-10,30.07,1
2003-01-13,30.46,1
2003-01-14,31.36,1
2003-01-15,31.73,1
2003-01-16,32.29,1
2003-01-17,31.57,1
2003-01-20,32.23,1
2003-01-21,31.72,1
2003-01-22,32.07,1
2003-01-23,31.4,1
2003-01-24,31.62,1
2003-01-27,31.02,1
2003-01-28,30.73,1
2003-01-29,31.26,1
2003-01-30,31.42,1
2003-01-31,31.57,1
2003-02-03,30.95,1
2003-02-04,31.13,1
2003-02-05,31.77,1
2003-02-06,31.81,1
2003-02-07,32.23,1
2003-02-10,32.47,1
2003-02-11,32.51,1
2003-02-12,32.46,1
2003-02-13,33.23,1
2003-02-14,33.26,1
2003-02-17,33.06,1
2003-02-18,33.26,1
2003-02-19,33.16,1
2003-02-20,32.76,1
2003-02-21,32.76,1
2003-02-24,33.41,1
2003-02-25,33.64,1
2003-02-26,33.46,1
2003-02-27,34.09,1
2003-02-28,34.0,1
2003-03-03,33.4,1
2003-03-04,34.37,1
2003-03-05,33.92,1
2003-03-06,34.39,1
2003-03-07,34.47,1
2003-03-10,34.94,1
2003-03-11,34.06,1
2003-03-12,34.16,1
2003-03-13,33.98,1
2003-03-14,31.48,1
2003-03-17,30.35,1
2003-03-18,28.55,1
2003-03-19,28.4,1
2003-03-20,28.0,1
2003-03-21,25.59,1
2003-03-24,26.54,1
2003-03-25,27.28,1
2003-03-26,25.98,1
2003-03-27,27.29,1
2003-03-28,27.66,1
2003-03-31,28.05,1
2003-04-01,27.94,2
2003-04-02,26.29,2
2003-04-03,26.75,2
2003-04-04,25.62,2
2003-04-07,25.27,2
2003-04-08,24.88,2
2003-04-09,25.11,2
2003-04-10,25.16,2
2003-04-11,24.39,2
2003-04-14,24.72,2
2003-04-15,24.74,2
2003-04-16,24.86,2
2003-04-17,25.36,2
2003-04-18,25.76,2
2003-04-21,25.76,2
2003-04-22,25.72,2
2003-04-23,24.56,2
2003-04-24,24.06,2
2003-04-25,24.29,2
2003-04-28,23.42,2
2003-04-29,23.23,2
2003-04-30,23.6,2
2003-05-01,23.79,2
2003-05-02,23.73,2
2003-05-05,23.59,2
2003-05-06,23.91,2
2003-05-07,24.01,2
2003-05-08,24.48,2
2003-05-09,25.55,2
2003-05-12,25.69,2
2003-05-13,25.45,2
2003-05-14,25.98,2
2003-05-15,26.77,2
2003-05-16,27.18,2
2003-05-19,27.23,2
2003-05-20,26.69,2
2003-05-21,27.58,2
2003-05-22,27.32,2
2003-05-23,27.14,2
2003-05-26,26.78,2
2003-05-27,26.55,2
2003-05-28,26.48,2
2003-05-29,26.39,2
2003-05-30,26.58,2
2003-06-02,27.56,2
2003-06-03,27.99,2
2003-06-04,27.49,2
2003-06-05,28.16,2
2003-06-06,28.38,2
2003-06-09,28.62,2
2003-06-10,28.44,2
2003-06-11,28.97,2
2003-06-12,28.48,2
2003-06-13,27.39,2
2003-06-16,27.5,2
2003-06-17,27.14,2
2003-06-18,26.43,2
2003-06-19,26.21,2
2003-06-20,27.13,2
2003-06-23,27.13,2
2003-06-24,26.96,2
2003-06-25,27.34,2
2003-06-26,27.06,2
2003-06-27,27.45,2
2003-06-30,28.88,2
2003-07-01,28.33,3
2003-07-02,28.2,3
2003-07-03,28.63,3
2003-07-04,27.97,3
2003-07-07,27.23,3
2003-07-08,27.95,3
2003-07-09,28.21,3
2003-07-10,29.37,3
2003-07-11,29.36,3
2003-07-14,28.52,3
2003-07-15,28.87,3
2003-07-16,28.51,3
2003-07-17,28.59,3
2003-07-18,29.2,3
2003-07-21,28.01,3
2003-07-22,28.4,3
2003-07-23,27.67,3
2003-07-24,27.73,3
2003-07-25,28.3,3
2003-07-28,27.71,3
2003-07-29,28.27,3
2003-07-30,28.31,3
2003-07-31,28.68,3
2003-08-01,29.63,3
2003-08-04,29.91,3
2003-08-05,30.37,3
2003-08-06,30.01,3
2003-08-07,30.06,3
2003-08-08,30.59,3
2003-08-11,30.05,3
2003-08-12,30.13,3
2003-08-13,29.66,3
2003-08-14,28.96,3
2003-08-15,29.18,3
2003-08-18,29.88,3
2003-08-19,29.18,3
2003-08-20,29.28,3
2003-08-21,29.95,3
2003-08-22,30.22,3
2003-08-25,29.98,3
2003-08-26,30.08,3
2003-08-27,30.05,3
2003-08-28,30.1,3
2003-08-29,30.38,3
2003-09-01,29.64,3
2003-09-02,28.08,3
2003-09-03,27.89,3
2003-09-04,27.49,3
2003-09-05,27.72,3
2003-09-08,28.47,3
2003-09-09,27.64,3
2003-09-10,27.76,3
2003-09-11,27.48,3
2003-09-12,26.52,3
2003-09-15,26.38,3
2003-09-16,26.28,3
2003-09-17,25.76,3
2003-09-18,25.56,3
2003-09-19,25.51,3
2003-09-22,25.82,3
2003-09-23,25.74,3
2003-09-24,26.81,3
2003-09-25,27.04,3
2003-09-26,27.02,3
2003-09-29,27.77,3
2003-09-30,28.09,3
2003-10-01,27.98,4
2003-10-02,28.9,4
2003-10-03,29.14,4
2003-10-06,29.75,4
2003-10-07,29.35,4
2003-10-08,28.96,4
2003-10-09,30.21,4
2003-10-10,31.13,4
2003-10-13,31.0,4
2003-10-14,31.45,4
2003-10-15,31.23,4
2003-10-16,31.05,4
2003-10-17,30.27,4
2003-10-20,29.78,4
2003-10-21,29.61,4
2003-10-22,29.25,4
2003-10-23,29.63,4
2003-10-24,30.01,4
2003-10-27,29.38,4
2003-10-28,28.99,4
2003-10-29,28.56,4
2003-10-30,27.47,4
2003-10-31,27.88,4
2003-11-03,27.78,4
2003-11-04,27.32,4
2003-11-05,27.9,4
2003-11-06,28.52,4
2003-11-07,28.73,4
2003-11-10,28.82,4
2003-11-11,28.88,4
2003-11-12,28.58,4
2003-11-13,29.01,4
2003-11-14,29.78,4
2003-11-17,28.98,4
2003-11-18,29.26,4
2003-11-19,30.13,4
2003-11-20,29.88,4
2003-11-21,29.79,4
2003-11-24,27.99,4
2003-11-25,27.62,4
2003-11-26,28.23,4
2003-11-27,28.9,4
2003-11-28,28.95,4
2003-12-01,28.17,4
2003-12-02,29.1,4
2003-12-03,29.26,4
2003-12-04,29.25,4
2003-12-05,28.87,4
2003-12-08,30.52,4
2003-12-09,30.27,4
2003-12-10,30.02,4
2003-12-11,29.79,4
2003-12-12,30.24,4
2003-12-15,30.89,4
2003-12-16,30.64,4
2003-12-17,31.01,4
2003-12-18,30.79,4
2003-12-19,31.03,4
2003-12-22,28.78,4
2003-12-23,28.3,4
2003-12-24,29.45,4
2003-12-29,29.17,4
2003-12-30,30.1,4
2003-12-31,30.3,4
2004-01-02,29.55,1
2004-01-05,32.3,1
2004-01-06,31.2,1
2004-01-07,30.99,1
2004-01-08,31.11,1
2004-01-09,31.91,1
2004-01-12,31.41,1
2004-01-13,32.55,1
2004-01-14,31.84,1
2004-01-15,31.43,1
2004-01-16,31.26,1
2004-01-19,31.67,1
2004-01-20,32.26,1
2004-01-21,31.95,1
2004-01-22,31.42,1
2004-01-23,32.08,1
2004-01-26,31.15,1
2004-01-27,31.05,1
2004-01-28,30.77,1
2004-01-29,29.47,1
2004-01-30,29.53,1
2004-02-02,30.3,1
2004-02-03,30.07,1
2004-02-04,29.63,1
2004-02-05,29.02,1
2004-02-06,29.26,1
2004-02-09,29.1,1
2004-02-10,30.06,1
2004-02-11,30.33,1
2004-02-12,30.17,1
2004-02-13,30.96,1
2004-02-16,31.08,1
2004-02-17,31.43,1
2004-02-18,31.57,1
2004-02-19,31.63,1
2004-02-20,31.22,1
2004-02-23,31.89,1
2004-02-24,31.6,1
2004-02-25,32.46,1
2004-02-26,32.45,1
2004-02-27,32.94,1
2004-03-01,33.34,1
2004-03-02,34.15,1
2004-03-03,33.32,1
2004-03-04,33.45,1
2004-03-05,34.4,1
2004-03-08,34.27,1
2004-03-09,33.72,1
2004-03-10,32.83,1
2004-03-11,33.22,1
2004-03-12,32.76,1
2004-03-15,34.39,1
2004-03-16,34.72,1
2004-03-17,34.95,1
2004-03-18,34.43,1
2004-03-19,34.33,1
2004-03-22,33.57,1
2004-03-23,34.4,1
2004-03-24,34.14,1
2004-03-25,33.32,1
2004-03-26,32.51,1
2004-03-29,32.04,1
2004-03-30,33.04,1
2004-03-31,32.29,1
2004-04-01,32.59,2
2004-04-02,31.19,2
2004-04-05,31.17,2
2004-04-06,31.48,2
2004-04-07,33.07,2
2004-04-08,33.98,2
2004-04-09,34.03,2
2004-04-12,34.51,2
2004-04-13,34.15,2
2004-04-14,33.54,2
2004-04-15,33.72,2
2004-04-16,33.85,2
2004-04-19,34.71,2
2004-04-20,33.56,2
2004-04-21,33.23,2
2004-04-22,33.24,2
2004-04-23,33.78,2
2004-04-26,34.18,2
2004-04-27,34.11,2
2004-04-28,35.02,2
2004-04-29,34.66,2
2004-04-30,35.23,2
2004-05-03,34.97,2
2004-05-04,36.07,2
2004-05-05,36.58,2
2004-05-06,37.05,2
2004-05-07,37.25,2
2004-05-10,35.83,2
2004-05-11,36.97,2
2004-05-12,37.95,2
2004-05-13,38.3,2
2004-05-14,39.04,2
2004-05-17,38.88,2
2004-05-18,38.43,2
2004-05-19,38.35,2
2004-05-20,38.89,2
2004-05-21,37.6,2
2004-05-24,39.22,2
2004-05-25,38.46,2
2004-05-26,38.05,2
2004-05-27,37.03,2
2004-05-28,37.0,2
2004-05-31,37.0,2
2004-06-01,39.05,2
2004-06-02,37.99,2
2004-06-03,36.26,2
2004-06-04,35.97,2
2004-06-07,35.57,2
2004-06-08,35.47,2
2004-06-09,34.69,2
2004-06-10,35.75,2
2004-06-11,35.23,2
2004-06-14,35.22,2
2004-06-15,34.66,2
2004-06-16,34.56,2
2004-06-17,35.58,2
2004-06-18,35.43,2
2004-06-21,34.82,2
2004-06-22,34.95,2
2004-06-23,34.81,2
2004-06-24,34.71,2
2004-06-25,34.25,2
2004-06-28,33.24,2
2004-06-29,32.61,2
2004-06-30,33.22,2
2004-07-01,35.58,3
2004-07-02,35.36,3
2004-07-05,35.73,3
2004-07-06,36.47,3
2004-07-07,35.62,3
2004-07-08,37.13,3
2004-07-09,37.58,3
2004-07-12,37.73,3
2004-07-13,36.68,3
2004-07-14,37.51,3
2004-07-15,38.41,3
2004-07-16,38.49,3
2004-07-19,39.07,3
2004-07-20,38.96,3
2004-07-21,38.48,3
2004-07-22,39.16,3
2004-07-23,39.59,3
2004-07-26,39.75,3
2004-07-27,40.09,3
2004-07-28,41.08,3
2004-07-29,40.93,3
2004-07-30,41.47,3
2004-08-02,41.35,3
2004-08-03,41.82,3
2004-08-04,41.75,3
2004-08-05,42.49,3
2004-08-06,42.63,3
2004-08-09,43.21,3
2004-08-10,42.5,3
2004-08-11,42.45,3
2004-08-12,43.5,3
2004-08-13,44.13,3
2004-08-16,44.35,3
2004-08-17,44.05,3
2004-08-18,44.12,3
2004-08-19,44.84,3
2004-08-20,45.46,3
2004-08-23,44.39,3
2004-08-24,42.99,3
2004-08-25,42.39,3
2004-08-26,40.65,3
2004-08-27,40.72,3
2004-08-30,40.78,3
2004-08-31,39.8,3
2004-09-01,40.96,3
2004-09-02,42.39,3
2004-09-03,41.07,3
2004-09-06,40.4,3
2004-09-07,40.19,3
2004-09-08,39.91,3
2004-09-09,41.45,3
2004-09-10,41.03,3
2004-09-13,40.63,3
2004-09-14,41.34,3
2004-09-15,42.03,3
2004-09-16,40.68,3
2004-09-17,43.08,3
2004-09-20,43.6,3
2004-09-21,44.56,3
2004-09-22,45.66,3
2004-09-23,46.53,3
2004-09-24,46.13,3
2004-09-27,46.87,3
2004-09-28,47.52,3
2004-09-29,46.54,3
2004-09-30,47.76,3
2004-10-01,46.86,4
2004-10-04,46.99,4
2004-10-05,47.1,4
2004-10-06,47.95,4
2004-10-07,48.98,4
2004-10-08,49.41,4
2004-10-11,50.75,4
2004-10-12,51.28,4
2004-10-13,50.42,4
2004-10-14,51.31,4
2004-10-15,51.02,4
2004-10-18,49.16,4
2004-10-19,49.21,4
2004-10-20,50.78,4
2004-10-21,51.06,4
2004-10-22,52.28,4
2004-10-25,51.68,4
2004-10-26,52.04,4
2004-10-27,49.99,4
2004-10-28,48.88,4
2004-10-29,48.16,4
2004-11-01,46.84,4
2004-11-02,46.25,4
2004-11-03,46.14,4
2004-11-04,45.32,4
2004-11-05,44.37,4
2004-11-08,44.78,4
2004-11-09,43.27,4
2004-11-10,42.57,4
2004-11-11,42.22,4
2004-11-12,41.33,4
2004-11-15,39.32,4
2004-11-16,40.48,4
2004-11-17,40.27,4
2004-11-18,40.8,4
2004-11-19,42.29,4
2004-11-22,42.26,4
2004-11-23,43.03,4
2004-11-24,42.62,4
2004-11-25,43.12,4
2004-11-26,42.87,4
2004-11-29,44.05,4
2004-11-30,44.23,4
2004-12-01,41.19,4
2004-12-02,38.49,4
2004-12-03,38.57,4
2004-12-06,38.43,4
2004-12-07,37.11,4
2004-12-08,36.9,4
2004-12-09,38.33,4
2004-12-10,37.24,4
2004-12-13,36.77,4
2004-12-14,37.03,4
2004-12-15,41.53,4
2004-12-16,41.49,4
2004-12-17,43.06,4
2004-12-20,42.67,4
2004-12-21,42.76,4
2004-12-22,40.44,4
2004-12-23,40.29,4
2004-12-24,39.6,4
2004-12-27,39.6,4
2004-12-28,40.24,4
2004-12-29,38.93,4
2004-12-30,39.8,4
2004-12-31,40.38,4
2005-01-04,40.75,1
2005-01-05,41.0,1
2005-01-06,43.25,1
2005-01-07,43.28,1
2005-01-10,44.71,1
2005-01-11,43.45,1
2005-01-12,43.75,1
2005-01-13,45.76,1
2005-01-14,45.26,1
2005-01-17,45.1,1
2005-01-18,45.18,1
2005-01-19,45.16,1
2005-01-20,44.06,1
2005-01-21,45.88,1
2005-01-24,45.74,1
2005-01-25,46.14,1
2005-01-26,45.94,1
2005-01-27,46.51,1
2005-01-28,44.75,1
2005-01-31,44.51,1
2005-02-01,45.12,1
2005-02-02,44.17,1
2005-02-03,43.13,1
2005-02-04,43.26,1
2005-02-07,42.7,1
2005-02-08,42.79,1
2005-02-09,42.49,1
2005-02-10,44.04,1
2005-02-11,44.41,1
2005-02-14,44.51,1
2005-02-15,44.91,1
2005-02-16,45.42,1
2005-02-17,45.42,1
2005-02-18,45.86,1
2005-02-21,46.09,1
2005-02-22,47.6,1
2005-02-23,48.16,1
2005-02-24,49.24,1
2005-02-25,50.05,1
2005-02-28,50.13,1
2005-03-01,50.47,1
2005-03-02,51.05,1
2005-03-03,52.89,1
2005-03-04,52.1,1
2005-03-07,51.87,1
2005-03-08,53.29,1
2005-03-09,54.11,1
2005-03-10,53.04,1
2005-03-11,53.15,1
2005-03-14,53.68,1
2005-03-15,53.97,1
2005-03-16,54.61,1
2005-03-17,56.03,1
2005-03-18,55.97,1
2005-03-21,55.79,1
2005-03-22,55.39,1
2005-03-23,51.52,1
2005-03-24,52.35,1
2005-03-28,51.75,1
2005-03-29,51.42,1
2005-03-30,50.63,1
2005-03-31,53.22,1
2005-04-01,54.14,2
2005-04-04,55.92,2
2005-04-05,54.53,2
2005-04-06,54.08,2
2005-04-07,52.57,2
2005-04-08,51.83,2
2005-04-11,51.21,2
2005-04-12,51.53,2
2005-04-13,49.67,2
2005-04-14,50.21,2
2005-04-15,49.52,2
2005-04-18,48.58,2
2005-04-19,50.79,2
2005-04-20,51.53,2
2005-04-21,51.73,2
2005-04-22,53.51,2
2005-04-25,53.1,2
2005-04-26,52.47,2
2005-04-27,51.29,2
2005-04-28,50.74,2
2005-04-29,50.61,2
2005-05-02,50.89,2
2005-05-03,49.48,2
2005-05-04,50.36,2
2005-05-05,49.81,2
2005-05-06,49.7,2
2005-05-09,49.71,2
2005-05-10,50.61,2
2005-05-11,48.91,2
2005-05-12,47.4,2
2005-05-13,46.85,2
2005-05-16,46.42,2
2005-05-17,47.31,2
2005-05-18,47.35,2
2005-05-19,46.92,2
2005-05-20,46.91,2
2005-05-23,47.28,2
2005-05-24,47.29,2
2005-05-25,49.24,2
2005-05-26,49.71,2
2005-05-27,49.42,2
2005-05-30,49.33,2
2005-05-31,49.3,2
2005-06-01,50.46,2
2005-06-02,51.3,2
2005-06-03,51.9,2
2005-06-06,52.61,2
2005-06-07,51.62,2
2005-06-08,51.92,2
2005-06-09,51.36,2
2005-06-10,51.98,2
2005-06-13,52.0,2
2005-06-14,53.52,2
2005-06-15,54.12,2
2005-06-16,54.3,2
2005-06-17,56.92,2
2005-06-20,57.1,2
2005-06-21,57.36,2
2005-06-22,56.06,2
2005-06-23,57.03,2
2005-06-24,57.21,2
2005-06-27,58.5,2
2005-06-28,57.75,2
2005-06-29,55.42,2
2005-06-30,55.36,2
2005-07-01,56.41,3
2005-07-04,57.13,3
2005-07-05,57.86,3
2005-07-06,58.38,3
2005-07-07,57.55,3
2005-07-08,59.0,3
2005-07-11,56.1,3
2005-07-12,58.95,3
2005-07-13,58.33,3
2005-07-14,56.79,3
2005-07-15,56.98,3
2005-07-18,56.25,3
2005-07-19,56.75,3
2005-07-20,56.39,3
2005-07-21,55.59,3
2005-07-22,56.98,3
2005-07-25,57.51,3
2005-07-26,58.58,3
2005-07-27,58.34,3
2005-07-28,58.28,3
2005-07-29,59.77,3
2005-08-01,60.56,3
2005-08-02,60.13,3
2005-08-03,60.04,3
2005-08-04,60.62,3
2005-08-05,60.73,3
2005-08-08,62.56,3
2005-08-09,62.79,3
2005-08-10,63.77,3
2005-08-11,65.9,3
2005-08-12,67.26,3
2005-08-15,66.68,3
2005-08-16,65.1,3
2005-08-17,63.41,3
2005-08-18,61.75,3
2005-08-19,64.21,3
2005-08-22,65.87,3
2005-08-23,65.16,3
2005-08-24,65.25,3
2005-08-25,65.88,3
2005-08-26,66.23,3
2005-08-29,64.77,3
2005-08-30,66.15,3
2005-08-31,66.8,3
2005-09-01,66.79,3
2005-09-02,65.95,3
2005-09-05,64.16,3
2005-09-06,64.16,3
2005-09-07,63.6,3
2005-09-08,61.66,3
2005-09-09,62.62,3
2005-09-12,60.69,3
2005-09-13,61.31,3
2005-09-14,61.7,3
2005-09-15,61.9,3
2005-09-16,60.48,3
2005-09-19,64.04,3
2005-09-20,62.98,3
2005-09-21,64.31,3
2005-09-22,64.64,3
2005-09-23,62.17,3
2005-09-26,61.73,3
2005-09-27,62.56,3
2005-09-28,62.81,3
2005-09-29,62.02,3
2005-09-30,61.7,3
2005-10-03,61.64,4
2005-10-04,59.17,4
2005-10-05,59.33,4
2005-10-06,57.2,4
2005-10-07,57.29,4
2005-10-10,57.01,4
2005-10-11,58.1,4
2005-10-12,59.91,4
2005-10-13,59.48,4
2005-10-14,58.45,4
2005-10-17,59.81,4
2005-10-18,58.85,4
2005-10-19,58.13,4
2005-10-20,57.04,4
2005-10-21,56.94,4
2005-10-24,57.64,4
2005-10-25,58.72,4
2005-10-26,58.56,4
2005-10-27,58.1,4
2005-10-28,59.47,4
2005-10-31,58.47,4
2005-11-01,56.69,4
2005-11-02,58.53,4
2005-11-03,59.55,4
2005-11-04,60.48,4
2005-11-07,58.19,4
2005-11-08,57.89,4
2005-11-09,57.71,4
2005-11-10,55.85,4
2005-11-11,54.3,4
2005-11-14,54.1,4
2005-11-15,54.45,4
2005-11-16,53.68,4
2005-11-17,53.8,4
2005-11-18,52.84,4
2005-11-21,53.36,4
2005-11-22,54.21,4
2005-11-23,53.73,4
2005-11-24,53.41,4
2005-11-25,53.15,4
2005-11-28,52.91,4
2005-11-29,53.24,4
2005-11-30,53.25,4
2005-12-01,53.65,4
2005-12-02,54.91,4
2005-12-05,56.05,4
2005-12-06,55.68,4
2005-12-07,55.17,4
2005-12-08,56.26,4
2005-12-09,57.18,4
2005-12-12,57.23,4
2005-12-13,59.16,4
2005-12-14,59.59,4
2005-12-15,59.67,4
2005-12-16,58.11,4
2005-12-19,56.09,4
2005-12-20,56.08,4
2005-12-21,56.05,4
2005-12-22,57.3,4
2005-12-23,56.28,4
2005-12-26,56.54,4
2005-12-28,56.91,4
2005-12-29,57.72,4
2005-12-30,58.34,4
2006-01-03,61.51,1
2006-01-04,61.25,1
2006-01-05,61.68,1
2006-01-06,62.43,1
2006-01-09,62.51,1
2006-01-10,62.32,1
2006-01-11,61.54,1
2006-01-12,62.95,1
2006-01-13,61.58,1
2006-01-16,62.34,1
2006-01-17,63.22,1
2006-01-18,63.6,1
2006-01-19,63.64,1
2006-01-20,64.92,1
2006-01-23,64.56,1
2006-01-24,63.82,1
2006-01-25,62.61,1
2006-01-26,62.93,1
2006-01-27,64.95,1
2006-01-30,65.14,1
2006-01-31,63.19,1
2006-02-01,65.64,1
2006-02-02,63.49,1
2006-02-03,62.54,1
2006-02-06,63.32,1
2006-02-07,61.64,1
2006-02-08,60.82,1
2006-02-09,60.7,1
2006-02-10,59.66,1
2006-02-13,59.16,1
2006-02-14,58.27,1
2006-02-15,57.67,1
2006-02-16,56.78,1
2006-02-17,58.34,1
2006-02-20,60.05,1
2006-02-21,59.35,1
2006-02-22,58.71,1
2006-02-23,58.71,1
2006-02-24,60.13,1
2006-02-27,59.44,1
2006-02-28,59.78,1
2006-03-01,61.12,1
2006-03-02,62.27,1
2006-03-03,62.69,1
2006-03-06,61.41,1
2006-03-07,59.79,1
2006-03-08,58.42,1
2006-03-09,58.82,1
2006-03-10,59.04,1
2006-03-13,60.99,1
2006-03-14,62.39,1
2006-03-15,63.12,1
2006-03-16,62.07,1
2006-03-17,63.54,1
2006-03-20,62.3,1
2006-03-21,59.96,1
2006-03-22,61.23,1
2006-03-23,61.76,1
2006-03-24,62.78,1
2006-03-27,62.59,1
2006-03-28,64.31,1
2006-03-29,64.88,1
2006-03-30,65.95,1
2006-03-31,66.06,1
2006-04-03,67.28,2
2006-04-04,65.93,2
2006-04-05,66.74,2
2006-04-06,67.58,2
2006-04-07,67.11,2
2006-04-10,68.2,2
2006-04-11,68.52,2
2006-04-12,69.54,2
2006-04-13,69.39,2
2006-04-18,70.97,2
2006-04-19,72.69,2
2006-04-20,72.57,2
2006-04-21,73.94,2
2006-04-24,73.96,2
2006-04-25,72.86,2
2006-04-26,73.46,2
2006-04-27,71.79,2
2006-04-28,72.15,2
2006-05-01,73.37,2
2006-05-02,74.45,2
2006-05-03,73.73,2
2006-05-04,71.84,2
2006-05-05,71.22,2
2006-05-08,68.26,2
2006-05-09,70.6,2
2006-05-10,69.83,2
2006-05-11,72.2,2
2006-05-12,71.3,2
2006-05-15,68.69,2
2006-05-16,68.66,2
2006-05-17,67.52,2
2006-05-18,67.39,2
2006-05-19,66.93,2
2006-05-22,66.52,2
2006-05-23,68.97,2
2006-05-24,68.45,2
2006-05-25,68.51,2
2006-05-26,69.88,2
2006-05-29,69.16,2
2006-05-30,69.82,2
2006-05-31,67.57,2
2006-06-01,68.77,2
2006-06-02,68.42,2
2006-06-05,69.13,2
2006-06-06,68.25,2
2006-06-07,67.17,2
2006-06-08,65.76,2
2006-06-09,69.13,2
2006-06-12,68.62,2
2006-06-13,65.67,2
2006-06-14,65.52,2
2006-06-15,66.04,2
2006-06-16,65.01,2
2006-06-19,66.4,2
2006-06-20,67.57,2
2006-06-21,68.17,2
2006-06-22,69.6,2
2006-06-23,69.91,2
2006-06-26,69.85,2
2006-06-27,71.26,2
2006-06-28,71.76,2
2006-06-29,73.02,2
2006-06-30,73.2,2
2006-07-03,73.94,3
2006-07-04,73.17,3
2006-07-05,72.88,3
2006-07-06,73.12,3
2006-07-07,74.14,3
2006-07-10,72.39,3
2006-07-11,73.14,3
2006-07-12,73.04,3
2006-07-13,75.23,3
2006-07-14,76.13,3
2006-07-17,75.12,3
2006-07-18,75.32,3
2006-07-19,71.62,3
2006-07-20,72.56,3
2006-07-21,72.96,3
2006-07-24,72.09,3
2006-07-25,72.49,3
2006-07-26,73.76,3
2006-07-27,75.36,3
2006-07-28,73.95,3
2006-07-31,74.75,3
2006-08-01,76.39,3
2006-08-02,77.63,3
2006-08-03,76.28,3
2006-08-04,76.53,3
2006-08-07,77.82,3
2006-08-08,77.93,3
2006-08-09,78.26,3
2006-08-10,75.69,3
2006-08-11,75.19,3
2006-08-14,73.78,3
2006-08-15,73.57,3
2006-08-16,72.67,3
2006-08-17,70.42,3
2006-08-18,71.3,3
2006-08-21,72.42,3
2006-08-22,72.06,3
2006-08-23,71.12,3
2006-08-24,71.4,3
2006-08-25,72.58,3
2006-08-28,69.44,3
2006-08-29,67.01,3
2006-08-30,67.15,3
2006-08-31,67.66,3
2006-09-01,70.49,3
2006-09-04,68.62,3
2006-09-05,65.94,3
2006-09-06,65.41,3
2006-09-07,64.52,3
2006-09-08,64.3,3
2006-09-11,62.41,3
2006-09-12,62.23,3
2006-09-13,61.28,3
2006-09-14,60.75,3
2006-09-15,60.23,3
2006-09-18,61.47,3
2006-09-19,62.52,3
2006-09-20,59.09,3
2006-09-21,59.27,3
2006-09-22,58.81,3
2006-09-25,57.89,3
2006-09-26,58.53,3
2006-09-27,57.6,3
2006-09-28,60.68,3
2006-09-29,59.09,3
2006-10-02,58.8,4
2006-10-03,56.28,4
2006-10-04,55.82,4
2006-10-05,57.93,4
2006-10-06,56.9,4
2006-10-09,59.25,4
2006-10-10,57.8,4
2006-10-11,57.75,4
2006-10-12,57.87,4
2006-10-13,58.97,4
2006-10-16,58.22,4
2006-10-17,60.13,4
2006-10-18,58.51,4
2006-10-19,57.74,4
2006-10-20,57.94,4
2006-10-23,56.56,4
2006-10-24,56.56,4
2006-10-25,58.79,4
2006-10-26,58.76,4
2006-10-27,57.99,4
2006-10-30,57.08,4
2006-10-31,56.13,4
2006-11-01,56.37,4
2006-11-02,56.26,4
2006-11-03,56.55,4
2006-11-06,57.02,4
2006-11-07,56.99,4
2006-11-08,57.18,4
2006-11-09,59.72,4
2006-11-10,59.18,4
2006-11-13,56.88,4
2006-11-14,57.9,4
2006-11-15,57.97,4
2006-11-16,59.5,4
2006-11-17,57.01,4
2006-11-20,57.38,4
2006-11-21,59.53,4
2006-11-22,58.66,4
2006-11-23,59.7,4
2006-11-24,60.72,4
2006-11-27,60.52,4
2006-11-28,61.22,4
2006-11-29,62.13,4
2006-11-30,64.36,4
2006-12-01,64.74,4
2006-12-04,63.97,4
2006-12-05,63.65,4
2006-12-06,63.7,4
2006-12-07,63.17,4
2006-12-08,63.67,4
2006-12-11,62.59,4
2006-12-12,62.58,4
2006-12-13,61.89,4
2006-12-14,62.85,4
2006-12-15,62.91,4
2006-12-18,62.81,4
2006-12-19,62.19,4
2006-12-20,63.13,4
2006-12-21,62.13,4
2006-12-22,61.92,4
2006-12-27,60.7,4
2006-12-28,59.41,4
2006-12-29,58.96,4
2007-01-02,58.49,1
2007-01-03,56.63,1
2007-01-04,54.58,1
2007-01-05,52.82,1
2007-01-08,52.82,1
2007-01-09,52.38,1
2007-01-10,52.11,1
2007-01-11,51.68,1
2007-01-12,49.95,1
2007-01-16,51.28,1
2007-01-17,51.19,1
2007-01-18,50.83,1
2007-01-19,52.29,1
2007-01-22,54.34,1
2007-01-23,53.93,1
2007-01-24,55.11,1
2007-01-25,55.67,1
2007-01-26,55.29,1
2007-01-29,54.71,1
2007-01-30,54.69,1
2007-01-31,56.52,1
2007-02-01,56.74,1
2007-02-02,56.93,1
2007-02-05,58.67,1
2007-02-06,58.04,1
2007-02-07,58.35,1
2007-02-08,57.24,1
2007-02-09,57.21,1
2007-02-12,55.52,1
2007-02-13,56.12,1
2007-02-14,55.05,1
2007-02-15,54.25,1
2007-02-16,56.78,1
2007-02-20,55.91,1
2007-02-21,57.74,1
2007-02-22,58.62,1
2007-02-23,60.38,1
2007-02-26,60.34,1
2007-02-27,60.28,1
2007-02-28,59.39,1
2007-03-01,61.18,1
2007-03-02,61.92,1
2007-03-05,59.78,1
2007-03-06,59.68,1
2007-03-07,61.13,1
2007-03-08,60.9,1
2007-03-09,60.25,1
2007-03-12,60.59,1
2007-03-13,61.52,1
2007-03-14,60.89,1
2007-03-15,60.4,1
2007-03-16,60.93,1
2007-03-19,60.49,1
2007-03-20,60.11,1
2007-03-21,60.18,1
2007-03-22,61.57,1
2007-03-23,63.1,1
2007-03-26,64.43,1
2007-03-27,64.25,1
2007-03-28,66.15,1
2007-03-29,67.19,1
2007-03-30,68.47,1
2007-04-02,68.94,2
2007-04-03,68.0,2
2007-04-04,68.09,2
2007-04-05,69.15,2
2007-04-10,67.64,2
2007-04-11,68.6,2
2007-04-12,67.79,2
2007-04-13,68.78,2
2007-04-16,67.1,2
2007-04-17,66.34,2
2007-04-18,65.09,2
2007-04-19,66.17,2
2007-04-20,66.34,2
2007-04-23,66.8,2
2007-04-24,67.94,2
2007-04-25,67.44,2
2007-04-26,67.51,2
2007-04-27,67.28,2
2007-04-30,67.23,2
2007-05-01,67.4,2
2007-05-02,65.57,2
2007-05-03,64.85,2
2007-05-04,65.14,2
2007-05-07,62.7,2
2007-05-08,63.55,2
2007-05-09,63.5,2
2007-05-10,64.63,2
2007-05-11,65.18,2
2007-05-14,65.86,2
2007-05-15,66.74,2
2007-05-16,66.83,2
2007-05-17,69.08,2
2007-05-18,69.26,2
2007-05-21,69.51,2
2007-05-22,70.05,2
2007-05-23,71.01,2
2007-05-24,71.96,2
2007-05-25,70.72,2
2007-05-29,69.31,2
2007-05-30,67.64,2
2007-05-31,68.18,2
2007-06-01,68.65,2
2007-06-04,70.9,2
2007-06-05,71.36,2
2007-06-06,71.5,2
2007-06-07,72.36,2
2007-06-08,70.04,2
2007-06-11,68.85,2
2007-06-12,68.56,2
2007-06-13,69.24,2
2007-06-14,71.18,2
2007-06-15,71.63,2
2007-06-18,72.33,2
2007-06-19,72.17,2
2007-06-20,70.55,2
2007-06-21,71.81,2
2007-06-22,72.04,2
2007-06-25,71.36,2
2007-06-26,71.41,2
2007-06-27,71.84,2
2007-06-28,71.96,2
2007-06-29,72.22,2
2007-07-02,72.9,3
2007-07-03,74.26,3
2007-07-05,75.4,3
2007-07-06,76.58,3
2007-07-09,77.1,3
2007-07-10,77.88,3
2007-07-11,77.44,3
2007-07-12,78.24,3
2007-07-13,78.12,3
2007-07-16,78.17,3
2007-07-17,77.59,3
2007-07-18,78.0,3
2007-07-19,78.37,3
2007-07-20,79.09,3
2007-07-23,78.36,3
2007-07-24,75.88,3
2007-07-25,75.21,3
2007-07-26,77.28,3
2007-07-27,76.58,3
2007-07-30,76.07,3
2007-07-31,77.01,3
2007-08-01,77.11,3
2007-08-02,76.14,3
2007-08-03,75.36,3
2007-08-06,72.69,3
2007-08-07,70.42,3
2007-08-08,70.73,3
2007-08-09,70.08,3
2007-08-10,69.57,3
2007-08-13,71.3,3
2007-08-14,69.29,3
2007-08-15,71.3,3
2007-08-16,68.77,3
2007-08-17,69.8,3
2007-08-20,68.37,3
2007-08-21,67.88,3
2007-08-22,67.73,3
2007-08-23,68.73,3
2007-08-24,69.49,3
2007-08-27,68.85,3
2007-08-28,69.66,3
2007-08-29,70.48,3
2007-08-30,71.46,3
2007-08-31,72.29,3
2007-09-04,74.22,3
2007-09-05,74.72,3
2007-09-06,76.21,3
2007-09-07,75.08,3
2007-09-10,74.97,3
2007-09-11,76.23,3
2007-09-12,77.15,3
2007-09-13,77.84,3
2007-09-14,78.27,3
2007-09-17,77.99,3
2007-09-18,77.0,3
2007-09-19,78.47,3
2007-09-20,78.48,3
2007-09-21,78.91,3
2007-09-24,77.87,3
2007-09-25,76.82,3
2007-09-26,76.21,3
2007-09-27,78.88,3
2007-09-28,80.97,3
2007-10-01,78.33,4
2007-10-02,76.87,4
2007-10-03,77.8,4
2007-10-04,77.84,4
2007-10-05,79.05,4
2007-10-08,76.94,4
2007-10-09,77.82,4
2007-10-10,77.85,4
2007-10-11,80.83,4
2007-10-12,80.82,4
2007-10-15,82.5,4
2007-10-16,84.43,4
2007-10-17,85.24,4
2007-10-18,85.03,4
2007-10-19,84.25,4
2007-10-22,82.72,4
2007-10-23,82.31,4
2007-10-24,83.47,4
2007-10-25,85.4,4
2007-10-26,84.71,4
2007-10-29,89.87,4
2007-10-30,89.87,4
2007-10-31,89.87,4
2007-11-01,90.36,4
2007-11-02,92.11,4
2007-11-05,92.16,4
2007-11-06,93.99,4
2007-11-07,94.85,4
2007-11-08,94.4,4
2007-11-09,92.32,4
2007-11-12,91.56,4
2007-11-13,89.09,4
2007-11-14,90.73,4
2007-11-15,90.32,4
2007-11-16,91.99,4
2007-11-19,91.59,4
2007-11-20,94.13,4
2007-11-21,94.97,4
2007-11-23,95.33,4
2007-11-26,94.88,4
2007-11-27,93.23,4
2007-11-28,91.64,4
2007-11-29,92.34,4
2007-11-30,88.71,4
2007-12-03,87.85,4
2007-12-04,89.97,4
2007-12-05,90.7,4
2007-12-06,88.46,4
2007-12-07,88.46,4
2007-12-10,87.33,4
2007-12-11,87.77,4
2007-12-12,91.69,4
2007-12-13,92.57,4
2007-12-14,91.86,4
2007-12-17,90.32,4
2007-12-18,90.71,4
2007-12-19,90.98,4
2007-12-20,91.06,4
2007-12-21,91.03,4
2007-12-24,91.59,4
2007-12-27,95.66,4
2007-12-28,95.92,4
2007-12-31,93.68,4
2008-01-02,97.01,1
2008-01-03,98.45,1
2008-01-04,96.87,1
2008-01-07,94.19,1
2008-01-08,96.37,1
2008-01-09,96.76,1
2008-01-10,92.8,1
2008-01-11,91.86,1
2008-01-14,92.58,1
2008-01-15,90.87,1
2008-01-16,88.1,1
2008-01-17,88.96,1
2008-01-18,89.66,1
2008-01-22,88.11,1
2008-01-23,87.06,1
2008-01-24,87.69,1
2008-01-25,90.96,1
2008-01-28,90.91,1
2008-01-29,92.49,1
2008-01-30,92.46,1
2008-01-31,91.58,1
2008-02-01,91.41,1
2008-02-04,91.09,1
2008-02-05,89.6,1
2008-02-06,88.73,1
2008-02-07,88.55,1
2008-02-08,91.45,1
2008-02-11,93.93,1
2008-02-12,94.28,1
2008-02-13,93.82,1
2008-02-14,95.92,1
2008-02-15,96.96,1
2008-02-19,97.03,1
2008-02-20,97.88,1
2008-02-21,97.52,1
2008-02-22,96.07,1
2008-02-25,97.43,1
2008-02-26,99.05,1
2008-02-27,98.28,1
2008-02-28,99.83,1
2008-02-29,100.9,1
2008-03-03,101.83,1
2008-03-04,98.6,1
2008-03-05,100.95,1
2008-03-06,103.47,1
2008-03-07,104.66,1
2008-03-10,105.33,1
2008-03-11,106.78,1
2008-03-12,107.99,1
2008-03-13,109.18,1
2008-03-14,109.16,1
2008-03-17,104.41,1
2008-03-18,105.35,1
2008-03-19,102.65,1
2008-03-20,99.78,1
2008-03-24,100.93,1
2008-03-25,99.91,1
2008-03-26,102.83,1
2008-03-27,103.89,1
2008-03-28,102.68,1
2008-03-31,102.33,1
2008-04-01,98.69,2
2008-04-02,98.85,2
2008-04-03,102.31,2
2008-04-04,102.21,2
2008-04-07,105.98,2
2008-04-08,105.05,2
2008-04-09,107.46,2
2008-04-10,107.37,2
2008-04-11,107.15,2
2008-04-14,108.32,2
2008-04-15,110.84,2
2008-04-16,110.95,2
2008-04-17,111.34,2
2008-04-18,110.67,2
2008-04-21,111.35,2
2008-04-22,113.54,2
2008-04-23,115.34,2
2008-04-24,114.85,2
2008-04-25,116.62,2
2008-04-28,115.7,2
2008-04-29,113.86,2
2008-04-30,111.12,2
2008-05-01,107.3,2
2008-05-02,111.92,2
2008-05-05,115.68,2
2008-05-06,119.88,2
2008-05-07,120.27,2
2008-05-08,119.85,2
2008-05-09,123.54,2
2008-05-12,122.89,2
2008-05-13,123.11,2
2008-05-14,121.18,2
2008-05-15,122.76,2
2008-05-16,122.98,2
2008-05-19,122.19,2
2008-05-20,124.12,2
2008-05-21,127.28,2
2008-05-22,129.04,2
2008-05-23,129.72,2
2008-05-27,128.92,2
2008-05-28,128.93,2
2008-05-29,129.33,2
2008-05-30,127.85,2
2008-06-02,128.5,2
2008-06-03,126.28,2
2008-06-04,121.72,2
2008-06-05,122.36,2
2008-06-06,132.81,2
2008-06-09,134.43,2
2008-06-10,135.24,2
2008-06-11,134.52,2
2008-06-12,132.11,2
2008-06-13,134.29,2
2008-06-16,133.9,2
2008-06-17,131.27,2
2008-06-18,129.12,2
2008-06-19,131.84,2
2008-06-20,134.28,2
2008-06-23,134.54,2
2008-06-24,135.37,2
2008-06-25,131.59,2
2008-06-26,136.82,2
2008-06-27,139.38,2
2008-06-30,138.4,2
2008-07-01,140.67,3
2008-07-02,141.24,3
2008-07-03,143.95,3
2008-07-07,139.62,3
2008-07-08,134.15,3
2008-07-09,133.91,3
2008-07-10,135.81,3
2008-07-11,143.68,3
2008-07-14,142.43,3
2008-07-15,136.02,3
2008-07-16,133.31,3
2008-07-17,134.16,3
2008-07-18,129.34,3
2008-07-21,129.34,3
2008-07-22,127.18,3
2008-07-23,126.86,3
2008-07-24,125.43,3
2008-07-25,124.7,3
2008-07-28,125.67,3
2008-07-29,125.77,3
2008-07-30,122.46,3
2008-07-31,124.1,3
2008-08-01,124.16,3
2008-08-04,121.87,3
2008-08-05,116.5,3
2008-08-06,114.47,3
2008-08-07,116.94,3
2008-08-08,113.03,3
2008-08-11,110.54,3
2008-08-12,108.98,3
2008-08-13,110.68,3
2008-08-14,111.82,3
2008-08-15,108.8,3
2008-08-18,109.33,3
2008-08-19,109.02,3
2008-08-20,108.72,3
2008-08-21,117.24,3
2008-08-22,113.99,3
2008-08-25,109.74,3
2008-08-26,112.2,3
2008-08-27,113.05,3
2008-08-28,113.54,3
2008-08-29,113.49,3
2008-09-02,104.94,3
2008-09-03,103.88,3
2008-09-04,103.41,3
2008-09-05,102.51,3
2008-09-08,101.08,3
2008-09-09,98.94,3
2008-09-10,96.0,3
2008-09-11,96.01,3
2008-09-12,94.37,3
2008-09-15,90.45,3
2008-09-16,85.85,3
2008-09-17,86.09,3
2008-09-18,90.89,3
2008-09-19,93.46,3
2008-09-22,100.43,3
2008-09-23,100.72,3
2008-09-24,102.09,3
2008-09-25,100.45,3
2008-09-26,100.88,3
2008-09-29,95.96,3
2008-09-30,93.52,3
2008-10-01,92.19,4
2008-10-02,88.88,4
2008-10-03,88.95,4
2008-10-06,84.71,4
2008-10-07,83.17,4
2008-10-08,80.77,4
2008-10-09,81.65,4
2008-10-10,74.58,4
2008-10-13,74.37,4
2008-10-14,74.98,4
2008-10-15,66.86,4
2008-10-16,64.14,4
2008-10-17,66.05,4
2008-10-20,67.45,4
2008-10-21,65.99,4
2008-10-22,62.95,4
2008-10-23,65.06,4
2008-10-24,60.57,4
2008-10-27,59.34,4
2008-10-28,58.87,4
2008-10-29,64.0,4
2008-10-30,60.86,4
2008-10-31,60.0,4
2008-11-03,60.32,4
2008-11-04,62.78,4
2008-11-05,61.09,4
2008-11-06,56.14,4
2008-11-07,56.84,4
2008-11-10,57.08,4
2008-11-11,54.76,4
2008-11-12,52.47,4
2008-11-13,51.32,4
2008-11-14,50.7,4
2008-11-17,50.82,4
2008-11-18,49.1,4
2008-11-19,48.35,4
2008-11-20,45.79,4
2008-11-21,44.91,4
2008-11-24,49.51,4
2008-11-25,47.51,4
2008-11-26,49.39,4
2008-11-28,47.72,4
2008-12-01,47.58,4
2008-12-02,45.64,4
2008-12-03,44.39,4
2008-12-04,43.83,4
2008-12-05,37.04,4
2008-12-08,40.02,4
2008-12-09,39.77,4
2008-12-10,39.34,4
2008-12-11,43.54,4
2008-12-12,42.38,4
2008-12-15,45.02,4
2008-12-16,42.0,4
2008-12-17,41.84,4
2008-12-18,40.19,4
2008-12-19,39.52,4
2008-12-22,38.08,4
2008-12-23,35.27,4
2008-12-24,34.45,4
2008-12-26,33.73,4
2008-12-29,34.16,4
2008-12-30,35.22,4
2008-12-31,35.82,4
2009-01-02,42.94,1
2009-01-05,45.84,1
2009-01-06,48.89,1
2009-01-07,46.23,1
2009-01-08,42.94,1
2009-01-09,42.34,1
2009-01-12,40.86,1
2009-01-13,43.05,1
2009-01-14,42.27,1
2009-01-15,42.32,1
2009-01-16,43.42,1
2009-01-20,41.22,1
2009-01-21,39.9,1
2009-01-22,42.42,1
2009-01-23,43.13,1
2009-01-26,48.0,1
2009-01-27,42.86,1
2009-01-28,42.86,1
2009-01-29,43.13,1
2009-01-30,44.17,1
2009-02-02,42.96,1
2009-02-03,43.15,1
2009-02-04,43.68,1
2009-02-05,43.92,1
2009-02-06,44.49,1
2009-02-09,47.23,1
2009-02-10,45.88,1
2009-02-11,44.24,1
2009-02-12,47.23,1
2009-02-13,43.36,1
2009-02-17,39.69,1
2009-02-18,39.41,1
2009-02-19,42.36,1
2009-02-20,42.19,1
2009-02-23,41.27,1
2009-02-24,40.18,1
2009-02-25,42.37,1
2009-02-26,45.15,1
2009-02-27,44.41,1
2009-03-02,42.6,1
2009-03-03,42.72,1
2009-03-04,46.07,1
2009-03-05,44.45,1
2009-03-06,43.48,1
2009-03-09,44.55,1
2009-03-10,44.99,1
2009-03-11,43.2,1
2009-03-12,42.19,1
2009-03-13,44.97,1
2009-03-16,44.12,1
2009-03-17,45.53,1
2009-03-18,45.22,1
2009-03-19,48.03,1
2009-03-20,49.27,1
2009-03-23,51.84,1
2009-03-24,51.32,1
2009-03-25,51.46,1
2009-03-26,51.89,1
2009-03-27,50.81,1
2009-03-30,49.05,1
2009-03-31,46.13,1
2009-04-01,45.92,2
2009-04-02,50.89,2
2009-04-03,50.48,2
2009-04-06,50.91,2
2009-04-07,50.62,2
2009-04-08,52.06,2
2009-04-09,52.33,2
2009-04-13,50.73,2
2009-04-14,52.06,2
2009-04-15,51.31,2
2009-04-16,51.83,2
2009-04-17,52.02,2
2009-04-20,49.06,2
2009-04-21,48.69,2
2009-04-22,48.5,2
2009-04-23,48.29,2
2009-04-24,50.29,2
2009-04-27,48.67,2
2009-04-28,48.64,2
2009-04-29,50.22,2
2009-04-30,50.3,2
2009-05-01,51.75,2
2009-05-04,53.26,2
2009-05-05,53.16,2
2009-05-06,55.07,2
2009-05-07,56.63,2
2009-05-08,56.02,2
2009-05-11,55.99,2
2009-05-12,56.52,2
2009-05-13,56.84,2
2009-05-14,56.25,2
2009-05-15,56.33,2
2009-05-18,56.51,2
2009-05-19,57.12,2
2009-05-20,59.1,2
2009-05-21,58.02,2
2009-05-22,58.7,2
2009-05-26,59.05,2
2009-05-27,61.28,2
2009-05-28,63.47,2
2009-05-29,64.98,2
2009-06-01,66.6,2
2009-06-02,67.67,2
2009-06-03,66.15,2
2009-06-04,67.68,2
2009-06-05,67.77,2
2009-06-08,67.61,2
2009-06-09,68.94,2
2009-06-10,70.52,2
2009-06-11,71.71,2
2009-06-12,70.62,2
2009-06-15,68.49,2
2009-06-16,70.52,2
2009-06-17,68.95,2
2009-06-18,69.96,2
2009-06-19,70.48,2
2009-06-22,66.13,2
2009-06-23,66.36,2
2009-06-24,68.47,2
2009-06-25,68.82,2
2009-06-26,68.1,2
2009-06-29,69.75,2
2009-06-30,68.11,2
2009-07-01,68.52,3
2009-07-02,65.74,3
2009-07-06,63.12,3
2009-07-07,61.54,3
2009-07-08,59.71,3
2009-07-09,59.17,3
2009-07-10,58.43,3
2009-07-13,58.25,3
2009-07-14,60.48,3
2009-07-15,61.25,3
2009-07-16,62.02,3
2009-07-17,63.54,3
2009-07-20,64.64,3
2009-07-21,65.93,3
2009-07-22,65.36,3
2009-07-23,68.06,3
2009-07-24,68.82,3
2009-07-27,69.78,3
2009-07-28,68.53,3
2009-07-29,65.79,3
2009-07-30,68.82,3
2009-07-31,70.08,3
2009-08-03,72.9,3
2009-08-04,73.82,3
2009-08-05,74.39,3
2009-08-06,74.61,3
2009-08-07,74.21,3
2009-08-10,73.79,3
2009-08-11,71.58,3
2009-08-12,74.03,3
2009-08-13,73.76,3
2009-08-14,71.33,3
2009-08-17,68.65,3
2009-08-18,68.66,3
2009-08-19,72.81,3
2009-08-20,73.75,3
2009-08-21,73.71,3
2009-08-24,74.34,3
2009-08-25,73.1,3
2009-08-26,70.74,3
2009-08-27,70.68,3
2009-08-28,72.8,3
2009-08-31,69.02,3
2009-09-01,68.78,3
2009-09-02,67.6,3
2009-09-03,66.78,3
2009-09-04,65.84,3
2009-09-08,69.2,3
2009-09-09,69.76,3
2009-09-10,68.96,3
2009-09-11,68.76,3
2009-09-14,66.91,3
2009-09-15,66.53,3
2009-09-16,68.51,3
2009-09-17,71.56,3
2009-09-18,70.72,3
2009-09-21,68.11,3
2009-09-22,69.65,3
2009-09-23,67.43,3
2009-09-24,64.99,3
2009-09-25,64.6,3
2009-09-28,65.43,3
2009-09-29,64.63,3
2009-09-30,65.82,3
2009-10-01,67.12,4
2009-10-02,66.5,4
2009-10-05,65.26,4
2009-10-06,68.51,4
2009-10-07,67.65,4
2009-10-08,68.47,4
2009-10-09,69.45,4
2009-10-12,70.75,4
2009-10-13,70.81,4
2009-10-14,72.16,4
2009-10-15,73.14,4
2009-10-16,74.58,4
2009-10-19,75.86,4
2009-10-20,76.51,4
2009-10-21,77.74,4
2009-10-22,78.36,4
2009-10-23,77.72,4
2009-10-26,76.45,4
2009-10-27,76.69,4
2009-10-28,75.11,4
2009-10-29,77.18,4
2009-10-30,74.91,4
2009-11-02,75.56,4
2009-11-03,75.68,4
2009-11-04,78.21,4
2009-11-05,78.02,4
2009-11-06,75.51,4
2009-11-09,77.18,4
2009-11-10,77.07,4
2009-11-11,76.99,4
2009-11-12,75.18,4
2009-11-13,74.81,4
2009-11-16,77.14,4
2009-11-17,77.36,4
2009-11-18,78.64,4
2009-11-19,76.45,4
2009-11-20,75.61,4
2009-11-23,78.14,4
2009-11-24,75.35,4
2009-11-25,76.57,4
2009-11-27,76.0,4
2009-11-30,77.77,4
2009-12-01,78.68,4
2009-12-02,76.96,4
2009-12-03,77.76,4
2009-12-04,77.74,4
2009-12-07,76.18,4
2009-12-08,74.93,4
2009-12-09,73.63,4
2009-12-10,70.91,4
2009-12-11,70.07,4
2009-12-14,71.19,4
2009-12-15,71.33,4
2009-12-16,73.34,4
2009-12-17,71.28,4
2009-12-18,71.87,4
2009-12-21,72.74,4
2009-12-22,71.64,4
2009-12-23,73.87,4
2009-12-24,75.15,4
2009-12-28,76.59,4
2009-12-29,76.65,4
2009-12-30,77.62,4
2009-12-31,77.91,4
2010-01-04,79.05,1
2010-01-05,79.27,1
2010-01-06,80.14,1
2010-01-07,80.57,1
2010-01-08,80.06,1
2010-01-11,80.14,1
2010-01-12,79.38,1
2010-01-13,77.57,1
2010-01-14,77.61,1
2010-01-15,76.85,1
2010-01-19,75.18,1
2010-01-20,75.09,1
2010-01-21,74.13,1
2010-01-22,72.73,1
2010-01-25,72.18,1
2010-01-26,72.63,1
2010-01-27,72.75,1
2010-01-28,70.65,1
2010-01-29,71.2,1
2010-02-01,71.58,1
2010-02-02,73.94,1
2010-02-03,75.77,1
2010-02-04,71.3,1
2010-02-05,70.11,1
2010-02-08,69.62,1
2010-02-09,70.4,1
2010-02-10,70.4,1
2010-02-11,72.35,1
2010-02-12,71.49,1
2010-02-16,74.82,1
2010-02-17,74.89,1
2010-02-18,76.61,1
2010-02-19,76.88,1
2010-02-22,76.95,1
2010-02-23,76.44,1
2010-02-24,77.0,1
2010-02-25,74.38,1
2010-02-26,76.36,1
2010-03-01,76.07,1
2010-03-02,77.5,1
2010-03-03,78.66,1
2010-03-04,77.88,1
2010-03-05,79.2,1
2010-03-08,78.94,1
2010-03-09,78.77,1
2010-03-10,80.29,1
2010-03-11,79.44,1
2010-03-12,79.38,1
2010-03-15,77.08,1
2010-03-16,79.45,1
2010-03-17,80.28,1
2010-03-18,80.09,1
2010-03-19,78.37,1
2010-03-22,78.09,1
2010-03-23,79.17,1
2010-03-24,78.03,1
2010-03-25,78.64,1
2010-03-26,77.98,1
2010-03-29,79.89,1
2010-03-30,79.46,1
2010-03-31,80.37,1
2010-04-01,82.63,2
2010-04-05,84.48,2
2010-04-06,85.05,2
2010-04-07,84.49,2
2010-04-08,82.63,2
2010-04-09,82.77,2
2010-04-12,85.21,2
2010-04-13,83.44,2
2010-04-14,85.81,2
2010-04-15,86.9,2
2010-04-16,84.81,2
2010-04-19,83.09,2
2010-04-20,84.73,2
2010-04-21,84.55,2
2010-04-22,84.58,2
2010-04-23,86.09,2
2010-04-26,86.72,2
2010-04-27,85.59,2
2010-04-28,84.59,2
2010-04-29,86.82,2
2010-04-30,86.19,2
2010-05-03,88.09,2
2010-05-04,85.39,2
2010-05-05,82.31,2
2010-05-06,80.21,2
2010-05-07,76.48,2
2010-05-10,78.08,2
2010-05-11,79.0,2
2010-05-12,78.7,2
2010-05-13,79.41,2
2010-05-14,76.43,2
2010-05-17,73.87,2
2010-05-18,75.12,2
2010-05-19,71.86,2
2010-05-20,69.56,2
2010-05-21,70.45,2
2010-05-24,69.62,2
2010-05-25,67.18,2
2010-05-26,70.59,2
2010-05-27,73.56,2
2010-05-28,73.0,2
2010-06-01,73.08,2
2010-06-02,72.78,2
2010-06-03,73.12,2
2010-06-04,71.84,2
2010-06-07,71.09,2
2010-06-08,71.43,2
2010-06-09,73.68,2
2010-06-10,74.33,2
2010-06-11,73.28,2
2010-06-14,75.11,2
2010-06-15,75.29,2
2010-06-16,76.12,2
2010-06-17,77.52,2
2010-06-18,77.05,2
2010-06-21,78.53,2
2010-06-22,78.08,2
2010-06-23,75.22,2
2010-06-24,75.17,2
2010-06-25,76.21,2
2010-06-28,76.66,2
2010-06-29,74.21,2
2010-06-30,74.94,2
2010-07-01,71.73,3
2010-07-02,71.75,3
2010-07-06,73.08,3
2010-07-07,72.97,3
2010-07-08,74.56,3
2010-07-09,75.2,3
2010-07-12,74.35,3
2010-07-13,76.45,3
2010-07-14,76.63,3
2010-07-15,75.52,3
2010-07-16,75.55,3
2010-07-19,76.29,3
2010-07-20,76.31,3
2010-07-21,75.75,3
2010-07-22,77.59,3
2010-07-23,77.27,3
2010-07-26,77.9,3
2010-07-27,75.52,3
2010-07-28,76.66,3
2010-07-29,78.6,3
2010-07-30,77.5,3
2010-08-02,81.93,3
2010-08-03,83.6,3
2010-08-04,83.76,3
2010-08-05,82.9,3
2010-08-06,81.28,3
2010-08-09,81.54,3
2010-08-10,79.89,3
2010-08-11,77.83,3
2010-08-12,76.63,3
2010-08-13,75.14,3
2010-08-16,74.56,3
2010-08-17,76.74,3
2010-08-18,75.1,3
2010-08-19,74.84,3
2010-08-20,73.48,3
2010-08-23,73.08,3
2010-08-24,70.61,3
2010-08-25,70.74,3
2010-08-26,74.5,3
2010-08-27,75.16,3
2010-08-30,76.05,3
2010-08-31,75.51,3
2010-09-01,75.53,3
2010-09-02,74.93,3
2010-09-03,75.03,3
2010-09-07,75.78,3
2010-09-08,77.48,3
2010-09-09,77.87,3
2010-09-10,77.54,3
2010-09-13,78.52,3
2010-09-14,78.89,3
2010-09-15,78.46,3
2010-09-16,78.89,3
2010-09-17,77.43,3
2010-09-20,79.42,3
2010-09-21,78.76,3
2010-09-22,77.29,3
2010-09-23,77.69,3
2010-09-24,78.73,3
2010-09-27,77.71,3
2010-09-28,79.14,3
2010-09-29,78.79,3
2010-09-30,80.77,3
2010-10-01,82.69,4
2010-10-04,83.42,4
2010-10-05,83.35,4
2010-10-06,85.01,4
2010-10-07,83.67,4
2010-10-08,83.88,4
2010-10-11,83.08,4
2010-10-12,82.99,4
2010-10-13,84.01,4
2010-10-14,83.55,4
2010-10-15,81.94,4
2010-10-18,82.3,4
2010-10-19,81.12,4
2010-10-20,81.68,4
2010-10-21,81.28,4
2010-10-22,80.75,4
2010-10-25,81.91,4
2010-10-26,82.62,4
2010-10-27,81.27,4
2010-10-28,82.97,4
2010-10-29,82.47,4
2010-11-01,84.06,4
2010-11-02,84.71,4
2010-11-03,85.33,4
2010-11-04,86.83,4
2010-11-05,87.05,4
2010-11-08,87.15,4
2010-11-09,87.93,4
2010-11-10,87.92,4
2010-11-11,88.08,4
2010-11-12,86.07,4
2010-11-15,85.49,4
2010-11-16,83.98,4
2010-11-17,83.36,4
2010-11-18,83.7,4
2010-11-19,83.17,4
2010-11-22,82.34,4
2010-11-23,82.37,4
2010-11-24,84.53,4
2010-11-26,84.78,4
2010-11-29,85.9,4
2010-11-30,86.02,4
2010-12-01,88.56,4
2010-12-02,89.37,4
2010-12-03,90.65,4
2010-12-06,91.25,4
2010-12-07,90.78,4
2010-12-08,89.74,4
2010-12-09,89.93,4
2010-12-10,89.54,4
2010-12-13,90.4,4
2010-12-14,90.63,4
2010-12-15,91.33,4
2010-12-16,91.09,4
2010-12-17,91.11,4
2010-12-20,91.31,4
2010-12-21,93.11,4
2010-12-22,93.55,4
2010-12-23,93.63,4
2010-12-27,93.08,4
2010-12-28,93.52,4
2010-12-29,93.52,4
2010-12-30,92.5,4
2010-12-31,93.23,4
2011-01-03,95.82,1
2011-01-04,93.52,1
2011-01-05,95.07,1
2011-01-06,94.95,1
2011-01-07,94.25,1
2011-01-10,95.05,1
2011-01-11,96.8,1
2011-01-12,97.86,1
2011-01-13,97.86,1
2011-01-14,97.86,1
2011-01-18,97.83,1
2011-01-19,98.42,1
2011-01-20,96.27,1
2011-01-21,96.84,1
2011-01-24,96.76,1
2011-01-25,96.76,1
2011-01-26,96.04,1
2011-01-27,96.48,1
2011-01-28,97.06,1
2011-01-31,98.97,1
2011-02-01,100.4,1
2011-02-02,101.3,1
2011-02-03,101.69,1
2011-02-04,99.43,1
2011-02-07,99.44,1
2011-02-08,99.25,1
2011-02-09,100.16,1
2011-02-10,100.74,1
2011-02-11,99.93,1
2011-02-14,103.12,1
2011-02-15,102.48,1
2011-02-16,102.78,1
2011-02-17,103.45,1
2011-02-18,102.2,1
2011-02-22,106.82,1
2011-02-23,109.77,1
2011-02-24,113.91,1
2011-02-25,111.47,1
2011-02-28,112.27,1
2011-03-01,113.34,1
2011-03-02,116.89,1
2011-03-03,114.42,1
2011-03-04,115.71,1
2011-03-07,116.58,1
2011-03-08,112.32,1
2011-03-09,115.19,1
2011-03-10,114.07,1
2011-03-11,114.07,1
2011-03-14,112.95,1
2011-03-15,111.11,1
2011-03-16,110.96,1
2011-03-17,114.18,1
2011-03-18,114.13,1
2011-03-21,114.92,1
2011-03-22,115.63,1
2011-03-23,115.65,1
2011-03-24,115.41,1
2011-03-25,115.45,1
2011-03-28,115.95,1
2011-03-29,115.58,1
2011-03-30,115.35,1
2011-03-31,116.94,1
2011-04-01,118.63,2
2011-04-04,120.07,2
2011-04-05,122.87,2
2011-04-06,123.01,2
2011-04-07,122.9,2
2011-04-08,126.3,2
2011-04-11,126.46,2
2011-04-12,121.33,2
2011-04-13,122.7,2
2011-04-14,122.74,2
2011-04-15,124.63,2
2011-04-18,121.69,2
2011-04-19,121.35,2
2011-04-20,124.26,2
2011-04-21,123.64,2
2011-04-26,124.55,2
2011-04-27,124.94,2
2011-04-28,126.59,2
2011-05-02,126.64,2
2011-05-03,124.01,2
2011-05-04,121.55,2
2011-05-05,111.93,2
2011-05-06,113.69,2
2011-05-09,113.21,2
2011-05-10,117.82,2
2011-05-11,115.66,2
2011-05-12,112.87,2
2011-05-13,113.08,2
2011-05-16,113.72,2
2011-05-17,109.39,2
2011-05-18,112.54,2
2011-05-19,113.2,2
2011-05-20,111.25,2
2011-05-23,110.13,2
2011-05-24,112.52,2
2011-05-25,114.47,2
2011-05-26,115.06,2
2011-05-27,114.85,2
2011-05-31,117.18,2
2011-06-01,116.15,2
2011-06-02,114.3,2
2011-06-03,115.09,2
2011-06-06,115.4,2
2011-06-07,116.14,2
2011-06-08,118.43,2
2011-06-09,119.95,2
2011-06-10,118.71,2
2011-06-13,120.49,2
2011-06-14,120.35,2
2011-06-15,114.67,2
2011-06-16,114.69,2
2011-06-17,113.74,2
2011-06-20,112.21,2
2011-06-21,112.02,2
2011-06-22,113.59,2
2011-06-23,108.27,2
2011-06-24,104.79,2
2011-06-27,104.57,2
2011-06-28,107.57,2
2011-06-29,111.49,2
2011-06-30,111.71,2
2011-07-01,109.82,3
2011-07-05,113.21,3
2011-07-06,113.55,3
2011-07-07,117.4,3
2011-07-08,117.4,3
2011-07-11,117.35,3
2011-07-12,117.36,3
2011-07-13,118.46,3
2011-07-14,117.38,3
2011-07-15,118.06,3
2011-07-18,117.05,3
2011-07-19,118.18,3
2011-07-20,118.52,3
2011-07-21,118.25,3
2011-07-22,118.99,3
2011-07-25,118.27,3
2011-07-26,118.14,3
2011-07-27,117.99,3
2011-07-28,118.16,3
2011-07-29,115.93,3
2011-08-01,116.37,3
2011-08-02,116.02,3
2011-08-03,113.74,3
2011-08-04,110.22,3
2011-08-05,106.92,3
2011-08-08,103.06,3
2011-08-09,103.63,3
2011-08-10,103.84,3
2011-08-11,107.82,3
2011-08-12,108.17,3
2011-08-15,108.89,3
2011-08-16,109.69,3
2011-08-17,111.37,3
2011-08-18,108.36,3
2011-08-19,109.37,3
2011-08-22,108.83,3
2011-08-23,110.35,3
2011-08-24,111.91,3
2011-08-25,111.91,3
2011-08-26,112.29,3
2011-08-30,115.59,3
2011-08-31,116.48,3
2011-09-01,116.43,3
2011-09-02,115.92,3
2011-09-06,113.29,3
2011-09-07,117.5,3
2011-09-08,117.99,3
2011-09-09,115.1,3
2011-09-12,114.75,3
2011-09-13,114.08,3
2011-09-14,113.1,3
2011-09-15,116.71,3
2011-09-16,116.26,3
2011-09-19,112.89,3
2011-09-20,114.39,3
2011-09-21,114.26,3
2011-09-22,109.21,3
2011-09-23,109.17,3
2011-09-26,107.9,3
2011-09-27,109.54,3
2011-09-28,108.52,3
2011-09-29,107.08,3
2011-09-30,105.42,3
2011-10-03,103.61,4
2011-10-04,101.84,4
2011-10-05,103.77,4
2011-10-06,104.38,4
2011-10-07,106.56,4
2011-10-10,109.49,4
2011-10-11,109.22,4
2011-10-12,112.44,4
2011-10-13,112.45,4
2011-10-14,114.33,4
2011-10-17,112.92,4
2011-10-18,112.08,4
2011-10-19,111.76,4
2011-10-20,109.0,4
2011-10-21,111.6,4
2011-10-24,111.67,4
2011-10-25,112.11,4
2011-10-26,110.43,4
2011-10-27,112.45,4
2011-10-28,110.01,4
2011-10-31,108.43,4
2011-11-01,106.97,4
2011-11-02,110.82,4
2011-11-03,110.76,4
2011-11-04,112.22,4
2011-11-07,114.75,4
2011-11-08,115.61,4
2011-11-09,115.29,4
2011-11-10,113.32,4
2011-11-11,114.43,4
2011-11-14,112.57,4
2011-11-15,111.9,4
2011-11-16,111.91,4
2011-11-17,109.25,4
2011-11-18,107.82,4
2011-11-21,105.98,4
2011-11-22,107.77,4
2011-11-23,106.83,4
2011-11-25,106.08,4
2011-11-28,109.38,4
2011-11-29,111.25,4
2011-11-30,111.22,4
2011-12-01,108.83,4
2011-12-02,109.59,4
2011-12-05,110.18,4
2011-12-06,110.16,4
2011-12-07,110.07,4
2011-12-08,108.23,4
2011-12-09,107.91,4
2011-12-12,107.82,4
2011-12-13,109.25,4
2011-12-14,105.72,4
2011-12-15,104.52,4
2011-12-16,104.0,4
2011-12-19,104.55,4
2011-12-20,107.8,4
2011-12-21,108.0,4
2011-12-22,108.98,4
2011-12-23,109.28,4
2011-12-28,107.54,4
2011-12-29,106.89,4
2011-12-30,108.09,4
2012-01-03,111.12,1
2012-01-04,113.37,1
2012-01-05,113.59,1
2012-01-06,111.96,1
2012-01-09,111.07,1
2012-01-10,113.3,1
2012-01-11,111.66,1
2012-01-12,112.97,1
2012-01-13,109.88,1
2012-01-17,110.55,1
2012-01-18,109.81,1
2012-01-19,109.54,1
2012-01-20,108.5,1
2012-01-23,109.46,1
2012-01-24,108.38,1
2012-01-25,108.48,1
2012-01-26,109.08,1
2012-01-27,110.5,1
2012-01-30,110.24,1
2012-01-31,110.26,1
2012-02-01,111.96,1
2012-02-02,110.96,1
2012-02-03,112.56,1
2012-02-06,115.47,1
2012-02-07,116.86,1
2012-02-08,117.18,1
2012-02-09,118.4,1
2012-02-10,118.13,1
2012-02-13,118.73,1
2012-02-14,118.3,1
2012-02-15,120.25,1
2012-02-16,121.0,1
2012-02-17,120.69,1
2012-02-21,120.85,1
2012-02-22,123.07,1
2012-02-23,124.53,1
2012-02-24,124.89,1
2012-02-27,126.46,1
2012-02-28,124.02,1
2012-02-29,122.23,1
2012-03-01,125.76,1
2012-03-02,125.93,1
2012-03-05,126.68,1
2012-03-06,125.03,1
2012-03-07,125.37,1
2012-03-08,127.96,1
2012-03-09,128.08,1
2012-03-12,127.27,1
2012-03-13,128.14,1
2012-03-14,126.98,1
2012-03-15,123.63,1
2012-03-16,125.09,1
2012-03-19,125.76,1
2012-03-20,124.38,1
2012-03-21,123.89,1
2012-03-22,122.49,1
2012-03-23,125.21,1
2012-03-26,125.85,1
2012-03-27,125.25,1
2012-03-28,124.41,1
2012-03-29,123.23,1
2012-03-30,123.41,1
2012-04-02,124.44,2
2012-04-04,123.04,2
2012-04-05,123.58,2
2012-04-10,121.89,2
2012-04-11,120.41,2
2012-04-12,120.57,2
2012-04-13,120.62,2
2012-04-16,118.23,2
2012-04-17,117.41,2
2012-04-18,115.18,2
2012-04-19,117.0,2
2012-04-20,118.08,2
2012-04-23,116.66,2
2012-04-24,117.74,2
2012-04-25,117.45,2
2012-04-26,119.33,2
2012-04-27,119.3,2
2012-04-30,118.66,2
2012-05-01,119.57,2
2012-05-02,117.57,2
2012-05-03,115.91,2
2012-05-04,111.66,2
2012-05-08,110.48,2
2012-05-09,111.89,2
2012-05-10,112.24,2
2012-05-11,112.5,2
2012-05-14,110.79,2
2012-05-15,111.4,2
2012-05-16,109.8,2
2012-05-17,109.31,2
2012-05-18,108.03,2
2012-05-21,109.02,2
2012-05-22,109.76,2
2012-05-23,106.88,2
2012-05-24,107.2,2
2012-05-25,107.86,2
2012-05-29,107.55,2
2012-05-30,103.85,2
2012-05-31,103.86,2
2012-06-01,98.63,2
2012-06-04,97.74,2
2012-06-05,98.65,2
2012-06-06,101.14,2
2012-06-07,100.05,2
2012-06-08,97.57,2
2012-06-11,98.6,2
2012-06-12,96.59,2
2012-06-13,97.29,2
2012-06-14,96.46,2
2012-06-15,97.13,2
2012-06-18,95.21,2
2012-06-19,95.14,2
2012-06-20,93.5,2
2012-06-21,89.22,2
2012-06-22,89.22,2
2012-06-25,88.69,2
2012-06-26,90.19,2
2012-06-27,92.06,2
2012-06-28,91.02,2
2012-06-29,94.17,2
2012-07-02,95.28,3
2012-07-03,99.89,3
2012-07-05,101.54,3
2012-07-06,98.5,3
2012-07-09,99.94,3
2012-07-10,99.15,3
2012-07-11,99.23,3
2012-07-12,99.18,3
2012-07-13,101.91,3
2012-07-16,102.1,3
2012-07-17,104.21,3
2012-07-18,105.92,3
2012-07-19,107.79,3
2012-07-20,106.98,3
2012-07-23,103.91,3
2012-07-24,103.57,3
2012-07-25,102.35,3
2012-07-26,104.77,3
2012-07-27,106.3,3
2012-07-30,106.54,3
2012-07-31,105.93,3
2012-08-01,106.78,3
2012-08-02,107.55,3
2012-08-03,109.57,3
2012-08-06,110.01,3
2012-08-07,112.39,3
2012-08-08,113.42,3
2012-08-09,113.52,3
2012-08-10,113.13,3
2012-08-13,114.48,3
2012-08-14,113.9,3
2012-08-15,115.51,3
2012-08-16,116.12,3
2012-08-17,115.2,3
2012-08-20,115.5,3
2012-08-21,116.03,3
2012-08-22,115.77,3
2012-08-23,117.45,3
2012-08-24,115.76,3
2012-08-27,113.74,3
2012-08-28,112.62,3
2012-08-29,112.53,3
2012-08-30,112.28,3
2012-08-31,113.93,3
2012-09-04,114.98,3
2012-09-05,113.32,3
2012-09-06,114.5,3
2012-09-07,113.64,3
2012-09-10,113.84,3
2012-09-11,114.86,3
2012-09-12,114.86,3
2012-09-13,116.0,3
2012-09-14,117.48,3
2012-09-17,116.7,3
2012-09-18,113.29,3
2012-09-19,108.49,3
2012-09-20,109.41,3
2012-09-21,111.27,3
2012-09-24,109.2,3
2012-09-25,110.77,3
2012-09-26,108.99,3
2012-09-27,111.45,3
2012-09-28,111.36,3
2012-10-01,112.58,4
2012-10-02,112.49,4
2012-10-03,109.32,4
2012-10-04,110.48,4
2012-10-05,112.17,4
2012-10-08,112.6,4
2012-10-09,114.32,4
2012-10-10,116.11,4
2012-10-11,116.18,4
2012-10-12,115.17,4
2012-10-15,115.0,4
2012-10-16,115.0,4
2012-10-17,113.49,4
2012-10-18,112.58,4
2012-10-19,111.89,4
2012-10-22,109.62,4
2012-10-23,107.53,4
2012-10-24,107.66,4
2012-10-25,107.64,4
2012-10-26,108.9,4
2012-10-29,109.33,4
2012-10-30,109.4,4
2012-10-31,109.89,4
2012-11-01,108.84,4
2012-11-02,106.79,4
2012-11-05,105.59,4
2012-11-06,109.27,4
2012-11-07,108.21,4
2012-11-08,107.23,4
2012-11-09,108.61,4
2012-11-12,110.23,4
2012-11-13,108.82,4
2012-11-14,109.66,4
2012-11-15,110.07,4
2012-11-16,106.81,4
2012-11-19,110.06,4
2012-11-20,110.01,4
2012-11-21,110.81,4
2012-11-23,110.14,4
2012-11-26,110.18,4
2012-11-27,109.33,4
2012-11-28,108.26,4
2012-11-29,110.47,4
2012-11-30,110.84,4
2012-12-03,111.27,4
2012-12-04,109.99,4
2012-12-05,108.96,4
2012-12-06,108.01,4
2012-12-07,107.16,4
2012-12-10,108.25,4
2012-12-11,107.6,4
2012-12-12,110.17,4
2012-12-13,110.18,4
2012-12-14,109.28,4
2012-12-17,109.35,4
2012-12-18,109.96,4
2012-12-19,109.95,4
2012-12-20,110.57,4
2012-12-21,109.13,4
2012-12-24,108.44,4
2012-12-26,110.72,4
2012-12-27,110.04,4
2012-12-28,110.05,4
2012-12-31,110.8,4
2013-01-02,112.98,1
2013-01-03,113.03,1
2013-01-04,112.58,1
2013-01-07,112.49,1
2013-01-08,113.03,1
2013-01-09,113.07,1
2013-01-10,112.97,1
2013-01-11,110.3,1
2013-01-14,111.32,1
2013-01-15,111.72,1
2013-01-16,110.97,1
2013-01-17,111.01,1
2013-01-18,111.71,1
2013-01-22,112.72,1
2013-01-23,113.68,1
2013-01-24,114.59,1
2013-01-25,113.88,1
2013-01-28,113.92,1
2013-01-29,115.22,1
2013-01-30,115.42,1
2013-01-31,115.55,1
2013-02-01,115.55,1
2013-02-04,116.06,1
2013-02-05,117.03,1
2013-02-06,116.61,1
2013-02-07,117.17,1
2013-02-08,118.9,1
2013-02-11,118.29,1
2013-02-12,117.89,1
2013-02-13,118.43,1
2013-02-14,118.48,1
2013-02-15,117.4,1
2013-02-19,117.04,1
2013-02-20,116.23,1
2013-02-21,114.19,1
2013-02-22,113.74,1
2013-02-25,114.55,1
2013-02-26,112.96,1
2013-02-27,112.24,1
2013-02-28,112.2,1
2013-03-01,110.14,1
2013-03-04,109.9,1
2013-03-05,110.42,1
2013-03-06,110.27,1
2013-03-07,110.42,1
2013-03-08,108.91,1
2013-03-11,108.64,1
2013-03-12,108.48,1
2013-03-13,107.51,1
2013-03-14,108.1,1
2013-03-15,109.32,1
2013-03-18,108.54,1
2013-03-19,106.91,1
2013-03-20,108.27,1
2013-03-21,106.41,1
2013-03-22,106.51,1
2013-03-25,106.66,1
2013-03-26,107.1,1
2013-03-27,108.51,1
2013-03-28,108.46,1
2013-04-01,108.76,2
2013-04-02,109.66,2
2013-04-03,107.82,2
2013-04-04,105.09,2
2013-04-05,103.98,2
2013-04-08,103.16,2
2013-04-09,104.08,2
2013-04-10,104.8,2
2013-04-11,103.62,2
2013-04-12,100.58,2
2013-04-15,99.32,2
2013-04-16,97.88,2
2013-04-17,96.84,2
2013-04-18,97.48,2
2013-04-19,98.94,2
2013-04-22,99.07,2
2013-04-23,99.25,2
2013-04-24,100.71,2
2013-04-25,101.62,2
2013-04-26,102.39,2
2013-04-29,102.88,2
2013-04-30,101.53,2
2013-05-01,98.34,2
2013-05-02,100.32,2
2013-05-03,104.6,2
2013-05-06,105.0,2
2013-05-07,105.18,2
2013-05-08,103.79,2
2013-05-09,103.59,2
2013-05-10,101.31,2
2013-05-13,102.17,2
2013-05-14,102.7,2
2013-05-15,101.57,2
2013-05-16,104.27,2
2013-05-17,103.83,2
2013-05-20,104.55,2
2013-05-21,103.1,2
2013-05-22,102.14,2
2013-05-23,100.46,2
2013-05-24,101.24,2
2013-05-28,103.77,2
2013-05-29,102.14,2
2013-05-30,101.79,2
2013-05-31,100.43,2
2013-06-03,101.63,2
2013-06-04,102.04,2
2013-06-05,103.51,2
2013-06-06,103.37,2
2013-06-07,104.07,2
2013-06-10,103.87,2
2013-06-11,101.5,2
2013-06-12,103.11,2
2013-06-13,103.38,2
2013-06-14,105.1,2
2013-06-17,105.8,2
2013-06-18,105.21,2
2013-06-19,105.56,2
2013-06-20,102.72,2
2013-06-21,100.36,2
2013-06-24,99.8,2
2013-06-25,101.51,2
2013-06-26,100.62,2
2013-06-27,102.74,2
2013-06-28,102.49,2
2013-07-01,103.19,3
2013-07-02,103.96,3
2013-07-03,106.12,3
2013-07-05,107.46,3
2013-07-08,107.75,3
2013-07-09,107.9,3
2013-07-10,108.43,3
2013-07-11,108.18,3
2013-07-12,109.03,3
2013-07-15,109.05,3
2013-07-16,109.29,3
2013-07-17,109.67,3
2013-07-18,109.71,3
2013-07-19,109.34,3
2013-07-22,108.82,3
2013-07-23,109.27,3
2013-07-24,108.23,3
2013-07-25,108.1,3
2013-07-26,107.57,3
2013-07-29,108.1,3
2013-07-30,107.47,3
2013-07-31,107.89,3
2013-08-01,109.94,3
2013-08-02,109.63,3
2013-08-05,109.81,3
2013-08-06,108.77,3
2013-08-07,108.39,3
2013-08-08,107.32,3
2013-08-09,108.49,3
2013-08-12,109.28,3
2013-08-13,110.69,3
2013-08-14,110.26,3
2013-08-15,111.58,3
2013-08-16,111.82,3
2013-08-19,111.41,3
2013-08-20,110.74,3
2013-08-21,110.82,3
2013-08-22,110.51,3
2013-08-23,112.12,3
2013-08-26,112.23,3
2013-08-27,115.21,3
2013-08-28,116.27,3
2013-08-29,116.91,3
2013-08-30,115.97,3
2013-09-03,115.49,3
2013-09-04,115.65,3
2013-09-05,115.81,3
2013-09-06,117.15,3
2013-09-09,115.2,3
2013-09-10,112.1,3
2013-09-11,112.37,3
2013-09-12,113.11,3
2013-09-13,113.31,3
2013-09-16,110.86,3
2013-09-17,109.05,3
2013-09-18,109.09,3
2013-09-19,110.66,3
2013-09-20,110.22,3
2013-09-23,108.56,3
2013-09-24,107.68,3
2013-09-25,109.46,3
2013-09-26,108.86,3
2013-09-27,109.45,3
2013-09-30,107.85,3
2013-10-01,107.32,4
2013-10-02,109.09,4
2013-10-03,109.49,4
2013-10-04,109.42,4
2013-10-07,109.66,4
2013-10-08,110.56,4
2013-10-09,109.02,4
2013-10-10,111.63,4
2013-10-11,110.65,4
2013-10-14,110.13,4
2013-10-15,110.67,4
2013-10-16,110.79,4
2013-10-17,109.55,4
2013-10-18,109.4,4
2013-10-21,109.47,4
2013-10-22,109.57,4
2013-10-23,107.74,4
2013-10-24,106.63,4
2013-10-25,105.7,4
2013-10-28,108.29,4
2013-10-29,108.04,4
2013-10-30,108.41,4
2013-10-31,107.53,4
2013-11-01,105.78,4
2013-11-04,104.85,4
2013-11-05,105.01,4
2013-11-06,105.46,4
2013-11-07,103.08,4
2013-11-08,104.29,4
2013-11-11,105.76,4
2013-11-12,106.29,4
2013-11-13,106.9,4
2013-11-14,108.29,4
2013-11-15,108.25,4
2013-11-18,108.8,4
2013-11-19,108.29,4
2013-11-20,108.27,4
2013-11-21,109.9,4
2013-11-22,111.36,4
2013-11-25,110.83,4
2013-11-26,112.04,4
2013-11-27,111.32,4
2013-11-29,111.07,4
2013-12-02,111.49,4
2013-12-03,113.06,4
2013-12-04,113.27,4
2013-12-05,112.07,4
2013-12-06,111.5,4
2013-12-09,110.07,4
2013-12-10,108.91,4
2013-12-11,109.47,4
2013-12-12,108.99,4
2013-12-13,108.08,4
2013-12-16,110.3,4
2013-12-17,108.91,4
2013-12-18,109.56,4
2013-12-19,110.78,4
2013-12-20,112.15,4
2013-12-23,111.58,4
2013-12-24,111.57,4
2013-12-26,111.65,4
2013-12-27,112.06,4
2013-12-30,110.47,4
2013-12-31,109.95,4
2014-01-02,107.94,1
2014-01-03,106.57,1
2014-01-06,106.71,1
2014-01-07,107.01,1
2014-01-08,107.42,1
2014-01-09,107.49,1
2014-01-10,106.44,1
2014-01-13,108.02,1
2014-01-14,107.12,1
2014-01-15,108.09,1
2014-01-16,107.46,1
2014-01-17,108.45,1
2014-01-20,108.01,1
2014-01-21,109.17,1
2014-01-22,109.69,1
2014-01-23,109.69,1
2014-01-24,109.14,1
2014-01-27,108.72,1
2014-01-28,109.1,1
2014-01-29,108.83,1
2014-01-30,109.36,1
2014-01-31,108.16,1
2014-02-03,106.55,1
2014-02-04,107.04,1
2014-02-05,106.81,1
2014-02-06,108.15,1
2014-02-07,110.12,1
2014-02-10,110.18,1
2014-02-11,109.21,1
2014-02-12,108.62,1
2014-02-13,108.98,1
2014-02-14,108.63,1
2014-02-18,110.14,1
2014-02-19,110.37,1
2014-02-20,109.42,1
2014-02-21,109.03,1
2014-02-24,109.76,1
2014-02-25,109.19,1
2014-02-26,109.39,1
2014-02-27,108.54,1
2014-02-28,108.98,1
2014-03-03,111.26,1
2014-03-04,109.17,1
2014-03-05,108.15,1
2014-03-06,107.99,1
2014-03-07,109.14,1
2014-03-10,108.27,1
2014-03-11,108.35,1
2014-03-12,107.88,1
2014-03-13,107.48,1
2014-03-14,108.08,1
2014-03-17,106.99,1
2014-03-18,106.79,1
2014-03-19,105.95,1
2014-03-20,105.73,1
2014-03-21,107.2,1
2014-03-24,106.59,1
2014-03-25,107.01,1
2014-03-26,105.9,1
2014-03-27,106.58,1
2014-03-28,106.64,1
2014-03-31,105.95,1
2014-04-01,105.7,2
2014-04-02,103.37,2
2014-04-03,104.88,2
2014-04-04,106.41,2
2014-04-07,104.89,2
2014-04-08,105.83,2
2014-04-09,107.39,2
2014-04-10,107.1,2
2014-04-11,107.34,2
2014-04-14,107.68,2
2014-04-15,109.1,2
2014-04-16,109.71,2
2014-04-17,109.79,2
2014-04-21,109.69,2
2014-04-22,108.54,2
2014-04-23,108.48,2
2014-04-24,109.79,2
2014-04-25,109.53,2
2014-04-28,109.12,2
2014-04-29,109.89,2
2014-04-30,108.63,2
2014-05-01,108.63,2
2014-05-02,109.48,2
2014-05-05,109.48,2
2014-05-06,108.3,2
2014-05-07,108.17,2
2014-05-08,108.19,2
2014-05-09,108.26,2
2014-05-12,108.37,2
2014-05-13,108.78,2
2014-05-14,109.87,2
2014-05-15,109.74,2
2014-05-16,110.9,2
2014-05-19,110.84,2
2014-05-20,110.35,2
2014-05-21,111.32,2
2014-05-22,110.89,2
2014-05-23,110.19,2
2014-05-26,110.01,2
2014-05-27,109.81,2
2014-05-28,109.09,2
2014-05-29,109.98,2
2014-05-30,109.21,2
2014-06-02,109.34,2
2014-06-03,108.87,2
2014-06-04,109.07,2
2014-06-05,108.43,2
2014-06-06,109.21,2
2014-06-09,110.55,2
2014-06-10,109.18,2
2014-06-11,109.83,2
2014-06-12,112.18,2
2014-06-13,113.15,2
2014-06-16,113.42,2
2014-06-17,114.02,2
2014-06-18,114.25,2
2014-06-19,115.19,2
2014-06-20,114.55,2
2014-06-23,113.62,2
2014-06-24,113.74,2
2014-06-25,112.84,2
2014-06-26,112.61,2
2014-06-27,112.62,2
2014-06-30,111.03,2
2014-07-01,110.84,3
2014-07-02,110.18,3
2014-07-03,108.98,3
2014-07-07,108.7,3
2014-07-08,107.65,3
2014-07-09,106.84,3
2014-07-10,106.2,3
2014-07-11,105.77,3
2014-07-14,104.73,3
2014-07-15,104.73,3
2014-07-16,105.41,3
2014-07-17,106.04,3
2014-07-18,106.03,3
2014-07-21,105.71,3
2014-07-22,106.48,3
2014-07-23,106.85,3
2014-07-24,105.78,3
2014-07-25,106.89,3
2014-07-28,106.7,3
2014-07-29,106.98,3
2014-07-30,106.47,3
2014-07-31,104.94,3
2014-08-01,103.45,3
2014-08-04,103.63,3
2014-08-05,102.82,3
2014-08-06,104.17,3
2014-08-07,104.02,3
2014-08-08,103.36,3
2014-08-11,103.47,3
2014-08-12,101.68,3
2014-08-13,102.27,3
2014-08-14,101.15,3
2014-08-15,101.13,3
2014-08-18,99.37,3
2014-08-19,99.74,3
2014-08-20,99.92,3
2014-08-21,100.28,3
2014-08-22,100.09,3
2014-08-25,100.49,3
2014-08-26,100.5,3
2014-08-27,100.4,3
2014-08-28,100.71,3
2014-08-29,101.12,3
2014-09-02,100.21,3
2014-09-03,100.88,3
2014-09-04,101.21,3
2014-09-05,99.51,3
2014-09-08,99.53,3
2014-09-09,98.08,3
2014-09-10,96.26,3
2014-09-11,96.42,3
2014-09-12,96.31,3
2014-09-15,96.43,3
2014-09-16,97.39,3
2014-09-17,97.7,3
2014-09-18,96.82,3
2014-09-19,96.75,3
2014-09-22,95.37,3
2014-09-23,94.87,3
2014-09-24,94.53,3
2014-09-25,95.2,3
2014-09-26,95.08,3
2014-09-29,95.7,3
2014-09-30,94.67,3
2014-10-01,94.57,4
2014-10-02,91.29,4
2014-10-03,90.8,4
2014-10-06,90.65,4
2014-10-07,90.9,4
2014-10-08,90.25,4
2014-10-09,90.47,4
2014-10-10,88.66,4
2014-10-13,87.82,4
2014-10-14,86.36,4
2014-10-15,84.02,4
2014-10-16,84.02,4
2014-10-17,85.27,4
2014-10-20,84.42,4
2014-10-21,85.17,4
2014-10-22,86.38,4
2014-10-23,85.94,4
2014-10-24,86.0,4
2014-10-27,85.64,4
2014-10-28,85.57,4
2014-10-29,86.91,4
2014-10-30,85.5,4
2014-10-31,84.17,4
2014-11-03,84.9,4
2014-11-04,82.12,4
2014-11-05,82.88,4
2014-11-06,82.08,4
2014-11-07,83.2,4
2014-11-10,82.9,4
2014-11-11,80.94,4
2014-11-12,80.42,4
2014-11-13,77.74,4
2014-11-14,77.51,4
2014-11-17,76.86,4
2014-11-18,77.23,4
2014-11-19,77.21,4
2014-11-20,77.61,4
2014-11-21,79.2,4
2014-11-24,79.62,4
2014-11-25,77.62,4
2014-11-26,77.39,4
2014-11-28,71.89,4
2014-12-01,70.87,4
2014-12-02,71.13,4
2014-12-03,70.13,4
2014-12-04,68.48,4
2014-12-05,68.0,4
2014-12-08,65.64,4
2014-12-09,66.11,4
2014-12-10,63.32,4
2014-12-11,63.65,4
2014-12-12,61.67,4
2014-12-15,61.09,4
2014-12-16,60.26,4
2014-12-17,59.84,4
2014-12-18,58.81,4
2014-12-19,58.87,4
2014-12-22,58.31,4
2014-12-23,59.07,4
2014-12-24,58.67,4
2014-12-26,58.72,4
2014-12-29,57.86,4
2014-12-30,55.6,4
2014-12-31,55.27,4
2015-01-02,55.38,1
2015-01-05,51.08,1
2015-01-06,50.12,1
2015-01-07,49.06,1
2015-01-08,49.43,1
2015-01-09,47.64,1
2015-01-12,46.9,1
2015-01-13,45.13,1
2015-01-14,45.82,1
2015-01-15,47.66,1
2015-01-16,47.38,1
2015-01-20,46.49,1
2015-01-21,46.5,1
2015-01-22,46.09,1
2015-01-23,46.69,1
2015-01-26,46.07,1
2015-01-27,46.55,1
2015-01-28,47.07,1
2015-01-29,46.61,1
2015-01-30,47.52,1
2015-02-02,51.74,1
2015-02-03,54.41,1
2015-02-04,55.07,1
2015-02-05,55.98,1
2015-02-06,55.88,1
2015-02-09,57.0,1
2015-02-10,55.79,1
2015-02-11,53.48,1
2015-02-12,56.23,1
2015-02-13,60.33,1
2015-02-16,61.57,1
2015-02-17,60.78,1
2015-02-18,60.72,1
2015-02-19,58.78,1
2015-02-20,60.99,1
2015-02-23,59.78,1
2015-02-24,60.33,1
2015-02-25,59.77,1
2015-02-26,61.39,1
2015-02-27,61.89,1
2015-03-02,60.75,1
2015-03-03,61.18,1
2015-03-04,59.18,1
2015-03-05,60.33,1
2015-03-06,59.15,1
2015-03-09,58.67,1
2015-03-10,55.95,1
2015-03-11,56.46,1
2015-03-12,56.66,1
2015-03-13,54.8,1
2015-03-16,52.0,1
2015-03-17,52.17,1
2015-03-18,52.59,1
2015-03-19,52.96,1
2015-03-20,53.88,1
2015-03-23,53.82,1
2015-03-24,53.61,1
2015-03-25,54.18,1
2015-03-26,57.02,1
2015-03-27,56.44,1
2015-03-30,53.99,1
2015-03-31,53.69,1
2015-04-01,55.73,2
2015-04-02,55.73,2
2015-04-06,55.73,2
2015-04-07,57.55,2
2015-04-08,56.42,2
2015-04-09,56.04,2
2015-04-10,56.82,2
2015-04-13,57.14,2
2015-04-14,57.69,2
2015-04-15,59.32,2
2015-04-16,60.13,2
2015-04-17,61.31,2
2015-04-20,61.2,2
2015-04-21,60.12,2
2015-04-22,60.12,2
2015-04-23,62.66,2
2015-04-24,62.96,2
2015-04-27,62.86,2
2015-04-28,62.61,2
2015-04-29,63.97,2
2015-04-30,63.9,2
2015-05-01,64.13,2
2015-05-04,64.62,2
2015-05-05,65.44,2
2015-05-06,66.22,2
2015-05-07,64.93,2
2015-05-08,63.82,2
2015-05-11,62.82,2
2015-05-12,65.09,2
2015-05-13,66.33,2
2015-05-14,65.58,2
2015-05-15,64.69,2
2015-05-18,65.15,2
2015-05-19,63.48,2
2015-05-20,63.52,2
2015-05-21,64.7,2
2015-05-22,64.7,2
2015-05-26,61.65,2
2015-05-27,61.35,2
2015-05-28,60.12,2
2015-05-29,63.16,2
2015-06-01,62.87,2
2015-06-02,63.14,2
2015-06-03,62.78,2
2015-06-04,60.34,2
2015-06-05,60.36,2
2015-06-08,61.33,2
2015-06-09,63.23,2
2015-06-10,64.68,2
2015-06-11,63.76,2
2015-06-12,63.19,2
2015-06-15,60.99,2
2015-06-16,60.75,2
2015-06-17,60.75,2
2015-06-18,61.37,2
2015-06-19,59.41,2
2015-06-22,60.54,2
2015-06-23,61.67,2
2015-06-24,61.63,2
2015-06-25,60.24,2
2015-06-26,60.14,2
2015-06-29,59.03,2
2015-06-30,60.31,2
2015-07-01,61.65,3
2015-07-02,61.73,3
2015-07-03,59.06,3
2015-07-06,57.19,3
2015-07-07,54.72,3
2015-07-08,55.7,3
2015-07-09,57.83,3
2015-07-10,57.72,3
2015-07-13,57.63,3
2015-07-14,57.2,3
2015-07-15,57.34,3
2015-07-16,57.31,3
2015-07-17,56.38,3
2015-07-20,56.42,3
2015-07-21,55.94,3
2015-07-22,56.36,3
2015-07-23,55.76,3
2015-07-24,54.29,3
2015-07-27,54.07,3
2015-07-28,54.3,3
2015-07-29,54.73,3
2015-07-30,54.29,3
2015-07-31,53.29,3
2015-08-03,49.49,3
2015-08-04,49.08,3
2015-08-05,49.04,3
2015-08-06,47.8,3
2015-08-07,47.54,3
2015-08-10,48.3,3
2015-08-11,47.33,3
2015-08-12,48.29,3
2015-08-13,48.01,3
2015-08-14,47.79,3
2015-08-17,47.77,3
2015-08-18,47.0,3
2015-08-19,45.75,3
2015-08-20,45.63,3
2015-08-21,43.84,3
2015-08-24,41.59,3
2015-08-25,41.86,3
2015-08-26,41.76,3
2015-08-27,44.46,3
2015-08-28,47.97,3
2015-09-01,48.8,3
2015-09-02,47.67,3
2015-09-03,50.41,3
2015-09-04,48.59,3
2015-09-07,46.42,3
2015-09-08,48.88,3
2015-09-09,48.04,3
2015-09-10,47.77,3
2015-09-11,46.87,3
2015-09-14,45.87,3
2015-09-15,45.91,3
2015-09-16,49.35,3
2015-09-17,48.27,3
2015-09-18,47.28,3
2015-09-21,47.64,3
2015-09-22,46.69,3
2015-09-23,48.0,3
2015-09-24,47.06,3
2015-09-25,47.28,3
2015-09-28,46.04,3
2015-09-29,47.58,3
2015-09-30,47.29,3
2015-10-01,47.48,4
2015-10-02,46.55,4
2015-10-05,49.45,4
2015-10-06,51.34,4
2015-10-07,51.66,4
2015-10-08,52.13,4
2015-10-09,52.08,4
2015-10-12,50.95,4
2015-10-13,48.94,4
2015-10-14,48.25,4
2015-10-15,47.87,4
2015-10-16,48.96,4
2015-10-19,47.51,4
2015-10-20,46.93,4
2015-10-21,46.72,4
2015-10-22,46.59,4
2015-10-23,46.3,4
2015-10-26,46.57,4
2015-10-27,45.54,4
2015-10-28,47.6,4
2015-10-29,48.04,4
2015-10-30,48.0,4
2015-11-02,47.91,4
2015-11-03,48.0,4
2015-11-04,46.96,4
2015-11-05,47.19,4
2015-11-06,46.09,4
2015-11-09,45.38,4
2015-11-10,46.44,4
2015-11-11,44.98,4
2015-11-12,44.98,4
2015-11-13,41.98,4
2015-11-16,40.28,4
2015-11-17,41.28,4
2015-11-18,41.45,4
2015-11-19,42.22,4
2015-11-20,42.49,4
2015-11-23,43.7,4
2015-11-24,44.38,4
2015-11-25,43.56,4
2015-11-26,43.55,4
2015-11-27,43.07,4
2015-11-30,43.73,4
2015-12-01,42.97,4
2015-12-02,41.92,4
2015-12-03,42.0,4
2015-12-04,41.44,4
2015-12-07,39.69,4
2015-12-08,39.44,4
2015-12-09,39.04,4
2015-12-10,38.65,4
2015-12-11,36.99,4
2015-12-14,36.51,4
2015-12-15,37.66,4
2015-12-16,36.96,4
2015-12-17,36.29,4
2015-12-18,36.76,4
2015-12-21,35.34,4
2015-12-22,35.26,4
2015-12-23,35.79,4
2015-12-24,37.22,4
2015-12-28,37.08,4
2015-12-29,36.85,4
2015-12-30,35.65,4
2015-12-31,36.61,4
2016-01-04,36.28,1
2016-01-05,35.56,1
2016-01-06,33.89,1
2016-01-07,33.57,1
2016-01-08,31.67,1
2016-01-11,30.14,1
2016-01-12,29.14,1
2016-01-13,28.58,1
2016-01-14,28.84,1
2016-01-15,28.8,1
2016-01-18,27.36,1
2016-01-19,27.36,1
2016-01-20,26.01,1
2016-01-21,27.59,1
2016-01-22,30.46,1
2016-01-25,29.82,1
2016-01-26,30.94,1
2016-01-27,31.83,1
2016-01-28,33.01,1
2016-01-29,33.14,1
2016-02-01,32.45,1
2016-02-02,30.98,1
2016-02-03,32.38,1
2016-02-04,32.76,1
2016-02-05,32.35,1
2016-02-08,31.64,1
2016-02-09,30.15,1
2016-02-10,29.64,1
2016-02-11,28.82,1
2016-02-12,31.8,1
2016-02-16,31.09,1
2016-02-17,33.21,1
2016-02-18,33.2,1
2016-02-19,31.66,1
2016-02-22,33.59,1
2016-02-23,31.9,1
2016-02-24,31.5,1
2016-02-25,32.83,1
2016-02-26,35.76,1
2016-02-29,35.92,1
2016-03-01,35.73,1
2016-03-02,36.38,1
2016-03-03,35.75,1
2016-03-04,37.61,1
2016-03-07,39.02,1
2016-03-08,39.16,1
2016-03-09,40.26,1
2016-03-10,38.63,1
2016-03-11,39.41,1
2016-03-14,38.06,1
2016-03-15,37.49,1
2016-03-16,38.38,1
2016-03-17,39.29,1
2016-03-18,39.26,1
2016-03-21,39.91,1
2016-03-22,40.54,1
2016-03-23,38.84,1
2016-03-24,38.33,1
2016-03-28,38.33,1
2016-03-29,36.75,1
2016-03-30,36.75,1
2016-03-31,36.75,1
2016-04-01,36.42,2
2016-04-04,36.05,2
2016-04-05,35.88,2
2016-04-06,37.77,2
2016-04-07,37.15,2
2016-04-08,40.71,2
2016-04-11,41.58,2
2016-04-12,43.02,2
2016-04-13,42.81,2
2016-04-14,43.02,2
2016-04-15,41.32,2
2016-04-18,41.64,2
2016-04-19,43.02,2
2016-04-20,43.09,2
2016-04-21,43.48,2
2016-04-22,43.97,2
2016-04-25,42.97,2
2016-04-26,43.94,2
2016-04-27,44.17,2
2016-04-28,45.6,2
2016-04-29,45.64,2
2016-05-02,45.82,2
2016-05-03,43.09,2
2016-05-04,43.08,2
2016-05-05,44.39,2
2016-05-06,44.6,2
2016-05-09,42.43,2
2016-05-10,44.01,2
2016-05-11,46.08,2
2016-05-12,46.43,2
2016-05-13,47.05,2
2016-05-16,48.49,2
2016-05-17,48.71,2
2016-05-18,48.93,2
2016-05-19,47.01,2
2016-05-20,48.54,2
2016-05-23,47.77,2
2016-05-24,48.42,2
2016-05-25,48.87,2
2016-05-26,49.52,2
2016-05-27,49.09,2
2016-05-31,49.26,2
2016-06-01,48.81,2
2016-06-02,49.05,2
2016-06-03,48.5,2
2016-06-06,48.94,2
2016-06-07,49.76,2
2016-06-08,50.73,2
2016-06-09,50.59,2
2016-06-10,49.7,2
2016-06-13,49.36,2
2016-06-14,47.88,2
2016-06-15,47.47,2
2016-06-16,45.66,2
2016-06-17,46.57,2
2016-06-20,48.68,2
2016-06-21,48.18,2
2016-06-22,48.43,2
2016-06-23,48.63,2
2016-06-24,46.69,2
2016-06-27,45.07,2
2016-06-28,46.29,2
2016-06-29,48.4,2
2016-06-30,48.05,2
2016-07-01,47.65,3
2016-07-04,48.02,3
2016-07-05,45.64,3
2016-07-06,45.7,3
2016-07-07,45.93,3
2016-07-08,44.53,3
2016-07-11,44.04,3
2016-07-12,46.72,3
2016-07-13,44.67,3
2016-07-14,46.01,3
2016-07-15,46.25,3
2016-07-18,45.35,3
2016-07-19,45.7,3
2016-07-20,45.82,3
2016-07-21,44.99,3
2016-07-22,44.24,3
2016-07-25,43.76,3
2016-07-26,43.56,3
2016-07-27,42.78,3
2016-07-28,41.87,3
2016-07-29,40.76,3
2016-08-01,40.17,3
2016-08-02,40.0,3
2016-08-03,40.45,3
2016-08-04,41.33,3
2016-08-05,42.47,3
2016-08-08,43.24,3
2016-08-09,43.37,3
2016-08-10,42.19,3
2016-08-11,44.23,3
2016-08-12,45.12,3
2016-08-15,47.31,3
2016-08-16,48.27,3
2016-08-17,48.58,3
2016-08-18,49.46,3
2016-08-19,49.39,3
2016-08-22,48.1,3
2016-08-23,48.7,3
2016-08-24,47.56,3
2016-08-25,49.25,3
2016-08-26,49.66,3
2016-08-29,49.66,3
2016-08-30,47.94,3
2016-08-31,47.94,3
2016-09-01,45.05,3
2016-09-02,45.96,3
2016-09-05,46.72,3
2016-09-06,46.21,3
2016-09-07,47.0,3
2016-09-08,49.23,3
2016-09-09,48.37,3
2016-09-12,47.82,3
2016-09-13,46.48,3
2016-09-14,45.65,3
2016-09-15,45.83,3
2016-09-16,45.26,3
2016-09-19,46.04,3
2016-09-20,45.24,3
2016-09-21,45.99,3
2016-09-22,47.21,3
2016-09-23,46.71,3
2016-09-26,46.61,3
2016-09-27,44.95,3
2016-09-28,45.49,3
2016-09-29,48.43,3
2016-09-30,48.24,3
2016-10-03,48.61,4
2016-10-04,48.81,4
2016-10-05,49.57,4
2016-10-06,50.14,4
2016-10-07,50.49,4
2016-10-10,51.54,4
2016-10-11,50.48,4
2016-10-12,49.53,4
2016-10-13,49.29,4
2016-10-14,48.87,4
2016-10-17,49.31,4
2016-10-18,49.81,4
2016-10-19,51.85,4
2016-10-20,50.42,4
2016-10-21,50.28,4
2016-10-24,49.8,4
2016-10-25,49.08,4
2016-10-26,48.98,4
2016-10-27,49.13,4
2016-10-28,47.78,4
2016-10-31,46.2,4
2016-11-01,45.77,4
2016-11-02,44.26,4
2016-11-03,43.84,4
2016-11-04,43.06,4
2016-11-07,42.83,4
2016-11-08,43.47,4
2016-11-09,43.88,4
2016-11-10,43.67,4
2016-11-11,41.61,4
2016-11-14,41.83,4
2016-11-15,44.15,4
2016-11-16,45.07,4
2016-11-17,44.57,4
2016-11-18,44.41,4
2016-11-21,45.96,4
2016-11-22,46.1,4
2016-11-23,46.54,4
2016-11-24,47.54,4
2016-11-25,46.32,4
2016-11-28,46.64,4
2016-11-29,44.68,4
2016-11-30,47.95,4
2016-12-01,52.28,4
2016-12-02,52.35,4
2016-12-05,53.3,4
2016-12-06,52.31,4
2016-12-07,51.9,4
2016-12-08,51.6,4
2016-12-09,52.19,4
2016-12-12,53.99,4
2016-12-13,53.28,4
2016-12-14,53.15,4
2016-12-15,51.72,4
2016-12-16,54.15,4
2016-12-19,53.53,4
2016-12-20,54.56,4
2016-12-21,53.01,4
2016-12-22,54.04,4
2016-12-23,53.93,4
2016-12-28,54.95,4
2016-12-29,54.97,4
2016-12-30,54.96,4
2017-01-03,55.05,1
2017-01-04,54.57,1
2017-01-05,54.99,1
2017-01-06,55.9,1
2017-01-09,54.39,1
2017-01-10,53.2,1
2017-01-11,53.61,1
2017-01-12,54.51,1
2017-01-13,54.37,1
2017-01-16,54.3,1
2017-01-17,54.68,1
2017-01-18,53.77,1
2017-01-19,53.18,1
2017-01-20,55.04,1
2017-01-23,54.8,1
2017-01-24,54.7,1
2017-01-25,54.34,1
2017-01-26,55.89,1
2017-01-27,54.8,1
2017-01-30,54.77,1
2017-01-31,55.25,1
2017-02-01,55.79,1
2017-02-02,55.94,1
2017-02-03,55.92,1
2017-02-06,55.02,1
2017-02-07,53.79,1
2017-02-08,54.42,1
2017-02-09,53.98,1
2017-02-10,55.2,1
2017-02-13,54.15,1
2017-02-14,54.96,1
2017-02-15,54.57,1
2017-02-16,54.16,1
2017-02-17,54.48,1
2017-02-20,55.25,1
2017-02-21,56.34,1
2017-02-22,54.9,1
2017-02-23,55.82,1
2017-02-24,54.69,1
2017-02-27,54.65,1
2017-02-28,53.36,1
2017-03-01,55.72,1
2017-03-02,54.16,1
2017-03-03,54.12,1
2017-03-06,54.73,1
2017-03-07,54.61,1
2017-03-08,53.3,1
2017-03-09,50.65,1
2017-03-10,50.63,1
2017-03-13,50.1,1
2017-03-14,49.6,1
2017-03-15,50.63,1
2017-03-16,50.56,1
2017-03-17,50.58,1
2017-03-20,50.67,1
2017-03-21,50.14,1
2017-03-22,49.56,1
2017-03-23,50.17,1
2017-03-24,49.97,1
2017-03-27,50.12,1
2017-03-28,50.72,1
2017-03-29,51.36,1
2017-03-30,52.25,1
2017-03-31,52.2,1
2017-04-03,52.04,2
2017-04-04,53.08,2
2017-04-05,53.41,2
2017-04-06,53.62,2
2017-04-07,54.24,2
2017-04-10,54.79,2
2017-04-11,54.73,2
2017-04-12,54.75,2
2017-04-13,55.05,2
2017-04-17,54.79,2
2017-04-18,52.6,2
2017-04-19,52.43,2
2017-04-20,50.66,2
2017-04-21,49.93,2
2017-04-24,49.45,2
2017-04-25,49.37,2
2017-04-26,49.99,2
2017-04-27,49.46,2
2017-04-28,49.46,2
2017-05-01,50.41,2
2017-05-02,49.31,2
2017-05-03,48.82,2
2017-05-04,47.53,2
2017-05-05,47.45,2
2017-05-08,46.61,2
2017-05-09,47.06,2
2017-05-10,48.09,2
2017-05-11,49.18,2
2017-05-12,49.08,2
2017-05-15,51.29,2
2017-05-16,51.21,2
2017-05-17,51.76,2
2017-05-18,51.71,2
2017-05-19,52.78,2
2017-05-22,53.35,2
2017-05-23,53.19,2
2017-05-24,53.29,2
2017-05-25,52.25,2
2017-05-26,50.84,2
2017-05-29,52.25,2
2017-05-30,50.65,2
2017-05-31,49.4,2
2017-06-01,50.41,2
2017-06-02,48.46,2
2017-06-05,48.25,2
2017-06-06,48.11,2
2017-06-07,47.08,2
2017-06-08,46.3,2
2017-06-09,46.64,2
2017-06-12,47.18,2
2017-06-13,46.95,2
2017-06-14,45.47,2
2017-06-15,45.61,2
2017-06-16,45.7,2
2017-06-19,45.93,2
2017-06-20,43.98,2
2017-06-21,44.62,2
2017-06-22,44.46,2
2017-06-23,44.14,2
2017-06-26,44.09,2
2017-06-27,46.17,2
2017-06-28,46.45,2
2017-06-29,47.02,2
2017-06-30,47.08,2
2017-07-03,49.13,3
2017-07-04,49.15,3
2017-07-05,47.58,3
2017-07-06,48.53,3
2017-07-07,46.47,3
2017-07-10,46.57,3
2017-07-11,46.68,3
2017-07-12,46.73,3
2017-07-13,47.65,3
2017-07-14,47.89,3
2017-07-17,47.66,3
2017-07-18,47.92,3
2017-07-19,48.34,3
2017-07-20,48.54,3
2017-07-21,47.47,3
2017-07-24,47.81,3
2017-07-25,49.19,3
2017-07-26,50.08,3
2017-07-27,50.67,3
2017-07-28,52.0,3
2017-07-31,51.99,3
2017-08-01,50.77,3
2017-08-02,52.09,3
2017-08-03,52.88,3
2017-08-04,52.48,3
2017-08-07,51.42,3
2017-08-08,52.18,3
2017-08-09,52.16,3
2017-08-10,52.59,3
2017-08-11,51.47,3
2017-08-14,51.29,3
2017-08-15,49.9,3
2017-08-16,50.39,3
2017-08-17,50.37,3
2017-08-18,50.96,3
2017-08-21,51.94,3
2017-08-22,52.29,3
2017-08-23,52.31,3
2017-08-24,51.73,3
2017-08-25,51.87,3
2017-08-28,51.87,3
2017-08-29,51.64,3
2017-08-30,51.91,3
2017-08-31,52.69,3
2017-09-01,53.15,3
2017-09-04,52.6,3
2017-09-05,53.63,3
2017-09-06,54.48,3
2017-09-07,54.16,3
2017-09-08,54.55,3
2017-09-11,54.2,3
2017-09-12,55.06,3
2017-09-13,55.52,3
2017-09-14,56.76,3
2017-09-15,56.18,3
2017-09-18,55.5,3
2017-09-19,56.58,3
2017-09-20,57.2,3
2017-09-21,57.73,3
2017-09-22,58.16,3
2017-09-25,59.42,3
2017-09-26,59.77,3
2017-09-27,58.74,3
2017-09-28,58.8,3
2017-09-29,57.02,3
2017-10-02,55.67,4
2017-10-03,56.12,4
2017-10-04,56.0,4
2017-10-05,57.09,4
2017-10-06,55.5,4
2017-10-09,55.29,4
2017-10-10,56.62,4
2017-10-11,56.13,4
2017-10-12,56.13,4
2017-10-13,56.86,4
2017-10-16,57.49,4
2017-10-17,57.63,4
2017-10-18,58.05,4
2017-10-19,57.82,4
2017-10-20,57.89,4
2017-10-23,57.69,4
2017-10-24,57.84,4
2017-10-25,58.45,4
2017-10-26,58.75,4
2017-10-27,60.15,4
2017-10-30,60.65,4
2017-10-31,61.35,4
2017-11-01,60.98,4
2017-11-02,60.79,4
2017-11-03,61.42,4
2017-11-06,64.27,4
2017-11-07,64.36,4
2017-11-08,63.96,4
2017-11-09,64.49,4
2017-11-10,64.35,4
2017-11-13,62.94,4
2017-11-14,60.91,4
2017-11-15,61.25,4
2017-11-16,61.18,4
2017-11-17,61.34,4
2017-11-20,61.34,4
2017-11-21,62.28,4
2017-11-22,62.92,4
2017-11-23,63.27,4
2017-11-24,63.58,4
2017-11-27,63.25,4
2017-11-28,63.56,4
2017-11-29,63.74,4
2017-11-30,63.53,4
2017-12-01,64.57,4
2017-12-04,63.45,4
2017-12-05,63.45,4
2017-12-06,62.25,4
2017-12-07,62.37,4
2017-12-08,63.86,4
2017-12-11,65.62,4
2017-12-12,64.96,4
2017-12-13,63.66,4
2017-12-14,63.72,4
2017-12-15,63.81,4
2017-12-18,64.45,4
2017-12-19,63.69,4
2017-12-20,64.43,4
2017-12-21,64.64,4
2017-12-22,64.61,4
2017-12-27,66.03,4
2017-12-28,66.8,4
2017-12-29,66.73,4
2018-01-02,66.65,1
2018-01-03,67.85,1
2018-01-04,68.73,1
2018-01-05,68.01,1
2018-01-08,68.48,1
2018-01-09,69.08,1
2018-01-10,69.79,1
2018-01-11,70.36,1
2018-01-12,69.64,1
2018-01-15,70.31,1
2018-01-16,69.4,1
2018-01-17,69.19,1
2018-01-18,69.48,1
2018-01-19,68.56,1
2018-01-22,69.32,1
2018-01-23,69.81,1
2018-01-24,69.91,1
2018-01-25,71.08,1
2018-01-26,70.08,1
2018-01-29,68.41,1
2018-01-30,67.78,1
2018-01-31,67.78,1
2018-02-01,68.6,1
2018-02-02,67.45,1
2018-02-05,67.69,1
2018-02-06,66.75,1
2018-02-07,65.74,1
2018-02-08,64.26,1
2018-02-09,63.04,1
2018-02-12,62.2,1
2018-02-13,61.94,1
2018-02-14,62.29,1
2018-02-15,62.86,1
2018-02-16,64.3,1
2018-02-19,64.95,1
2018-02-20,64.68,1
2018-02-21,64.81,1
2018-02-22,66.12,1
2018-02-23,67.04,1
2018-02-26,67.96,1
2018-02-27,67.59,1
2018-02-28,66.08,1
2018-03-01,64.23,1
2018-03-02,64.26,1
2018-03-05,65.78,1
2018-03-06,65.67,1
2018-03-07,65.09,1
2018-03-08,63.87,1
2018-03-09,65.19,1
2018-03-12,64.53,1
2018-03-13,64.2,1
2018-03-14,63.61,1
2018-03-15,63.67,1
2018-03-16,64.68,1
2018-03-19,64.82,1
2018-03-20,66.0,1
2018-03-21,68.15,1
2018-03-22,68.98,1
2018-03-23,69.03,1
2018-03-26,68.81,1
2018-03-27,68.63,1
2018-03-28,68.13,1
2018-03-29,69.02,1
2018-04-03,69.02,2
2018-04-04,66.04,2
2018-04-05,66.54,2
2018-04-06,66.51,2
2018-04-09,68.19,2
2018-04-10,70.67,2
2018-04-11,72.74,2
2018-04-12,71.44,2
2018-04-13,73.18,2
2018-04-16,72.05,2
2018-04-17,71.71,2
2018-04-18,73.73,2
2018-04-19,74.85,2
2018-04-20,74.62,2
2018-04-23,74.54,2
2018-04-24,75.86,2
2018-04-25,73.79,2
2018-04-26,75.39,2
2018-04-27,75.33,2
2018-04-30,75.92,2
2018-05-01,74.85,2
2018-05-02,73.14,2
2018-05-03,73.45,2
2018-05-04,74.75,2
2018-05-08,74.16,2
2018-05-09,77.6,2
2018-05-10,77.59,2
2018-05-11,77.37,2
2018-05-14,78.17,2
2018-05-15,78.94,2
2018-05-16,78.19,2
2018-05-17,80.09,2
2018-05-18,78.38,2
2018-05-21,78.34,2
2018-05-22,80.42,2
2018-05-23,78.69,2
2018-05-24,78.9,2
2018-05-25,76.6,2
2018-05-29,74.51,2
2018-05-30,75.89,2
2018-05-31,76.45,2
2018-06-01,74.54,2
2018-06-04,73.41,2
2018-06-05,72.91,2
2018-06-06,73.23,2
2018-06-07,75.23,2
2018-06-08,75.11,2
2018-06-11,74.58,2
2018-06-12,74.86,2
2018-06-13,75.07,2
2018-06-14,74.77,2
2018-06-15,72.02,2
2018-06-18,74.87,2
2018-06-19,74.92,2
2018-06-20,74.25,2
2018-06-21,72.87,2
2018-06-22,73.67,2
2018-06-25,72.82,2
2018-06-26,73.58,2
2018-06-27,76.09,2
2018-06-28,76.26,2
2018-06-29,77.44,2
2018-07-02,76.71,3
2018-07-03,75.87,3
2018-07-04,76.99,3
2018-07-05,77.09,3
2018-07-06,74.98,3
2018-07-09,77.08,3
2018-07-10,77.8,3
2018-07-11,75.35,3
2018-07-12,72.11,3
2018-07-13,74.11,3
2018-07-16,71.03,3
2018-07-17,70.87,3
2018-07-18,70.52,3
2018-07-19,71.94,3
2018-07-20,71.99,3
2018-07-23,73.45,3
2018-07-24,73.53,3
2018-07-25,73.67,3
2018-07-26,74.51,3
2018-07-27,74.84,3
2018-07-30,74.99,3
2018-07-31,74.16,3
2018-08-01,72.28,3
2018-08-02,72.95,3
2018-08-03,72.48,3
2018-08-06,72.51,3
2018-08-07,72.31,3
2018-08-08,70.71,3
2018-08-09,70.55,3
2018-08-10,71.0,3
2018-08-13,70.62,3
2018-08-14,70.77,3
2018-08-15,68.38,3
2018-08-16,69.21,3
2018-08-17,70.14,3
2018-08-20,71.11,3
2018-08-21,71.65,3
2018-08-22,72.96,3
2018-08-23,73.73,3
2018-08-24,74.41,3
2018-08-27,74.41,3
2018-08-28,75.91,3
2018-08-29,76.07,3
2018-08-30,77.05,3
2018-08-31,76.94,3
2018-09-03,77.81,3
2018-09-04,77.51,3
2018-09-05,76.68,3
2018-09-06,75.67,3
2018-09-07,75.55,3
2018-09-10,76.77,3
2018-09-11,78.22,3
2018-09-12,80.02,3
2018-09-13,77.66,3
2018-09-14,77.87,3
2018-09-17,78.22,3
2018-09-18,79.25,3
2018-09-19,79.43,3
2018-09-20,79.03,3
2018-09-21,78.9,3
2018-09-24,80.89,3
2018-09-25,82.21,3
2018-09-26,81.87,3
2018-09-27,81.54,3
2018-09-28,82.72,3
2018-10-01,84.94,4
2018-10-02,85.63,4
2018-10-03,85.45,4
2018-10-04,86.07,4
2018-10-05,85.12,4
2018-10-08,84.22,4
2018-10-09,85.16,4
2018-10-10,83.82,4
2018-10-11,81.35,4
2018-10-12,80.71,4
2018-10-15,80.91,4
2018-10-16,80.53,4
2018-10-17,79.91,4
2018-10-18,80.3,4
2018-10-19,80.38,4
2018-10-22,80.45,4
2018-10-23,78.67,4
2018-10-24,77.34,4
2018-10-25,77.3,4
2018-10-26,77.4,4
2018-10-29,77.56,4
2018-10-30,75.68,4
2018-10-31,74.84,4
2018-11-01,71.25,4
2018-11-02,71.11,4
2018-11-05,72.68,4
2018-11-06,70.64,4
2018-11-07,70.1,4
2018-11-08,69.29,4
2018-11-09,69.01,4
2018-11-12,69.81,4
2018-11-13,65.45,4
2018-11-14,64.88,4
2018-11-15,65.61,4
2018-11-16,65.29,4
2018-11-19,64.14,4
2018-11-20,61.5,4
2018-11-21,61.65,4
2018-11-22,61.11,4
2018-11-23,57.69,4
2018-11-26,59.7,4
2018-11-27,59.58,4
2018-11-28,57.97,4
2018-11-29,58.29,4
2018-11-30,57.71,4
2018-12-03,60.17,4
2018-12-04,61.22,4
2018-12-05,61.4,4
2018-12-06,57.83,4
2018-12-07,61.71,4
2018-12-10,60.29,4
2018-12-11,59.73,4
2018-12-12,59.94,4
2018-12-13,59.03,4
2018-12-14,58.56,4
2018-12-17,57.59,4
2018-12-18,55.26,4
2018-12-19,55.6,4
2018-12-20,52.84,4
2018-12-21,51.93,4
2018-12-27,51.49,4
2018-12-28,50.57,4
2019-01-02,54.06,1
2019-01-03,53.23,1
2019-01-04,55.64,1
2019-01-07,57.1,1
2019-01-08,56.91,1
2019-01-09,59.46,1
2019-01-10,60.47,1
2019-01-11,59.24,1
2019-01-14,58.8,1
2019-01-15,58.65,1
2019-01-16,59.81,1
2019-01-17,59.85,1
2019-01-18,62.04,1
2019-01-21,62.18,1
2019-01-22,60.9,1
2019-01-23,61.05,1
2019-01-24,61.09,1
2019-01-25,61.49,1
2019-01-28,59.71,1
2019-01-29,60.98,1
2019-01-30,61.89,1
2019-01-31,62.46,1
2019-02-01,61.86,1
2019-02-04,62.26,1
2019-02-05,61.67,1
2019-02-06,62.22,1
2019-02-07,61.01,1
2019-02-08,61.37,1
2019-02-11,61.3,1
2019-02-12,62.58,1
2019-02-13,63.27,1
2019-02-14,64.0,1
2019-02-15,65.65,1
2019-02-18,66.41,1
2019-02-19,65.86,1
2019-02-20,66.82,1
2019-02-21,66.91,1
2019-02-22,66.91,1
2019-02-25,64.02,1
2019-02-26,64.51,1
2019-02-27,65.55,1
2019-02-28,65.03,1
2019-03-01,63.71,1
2019-03-04,64.44,1
2019-03-05,64.24,1
2019-03-06,64.51,1
2019-03-07,64.82,1
2019-03-08,65.66,1
2019-03-11,65.06,1
2019-03-12,65.33,1
2019-03-13,65.89,1
2019-03-14,66.18,1
2019-03-15,66.11,1
2019-03-18,66.65,1
2019-03-19,67.13,1
2019-03-20,68.35,1
2019-03-21,68.3,1
2019-03-22,66.29,1
2019-03-25,67.37,1
2019-03-26,67.51,1
2019-03-27,67.35,1
2019-03-28,66.08,1
2019-03-29,67.93,1
2019-04-01,69.08,2
2019-04-02,69.68,2
2019-04-03,69.21,2
2019-04-04,69.8,2
2019-04-05,69.93,2
2019-04-08,71.12,2
2019-04-09,71.02,2
2019-04-10,71.63,2
2019-04-11,71.3,2
2019-04-12,71.57,2
2019-04-15,70.9,2
2019-04-16,70.74,2
2019-04-17,71.14,2
2019-04-18,70.71,2
2019-04-22,70.71,2
2019-04-23,74.39,2
2019-04-24,73.59,2
2019-04-25,74.94,2
2019-04-26,71.03,2
2019-04-29,71.22,2
2019-04-30,72.19,2
2019-05-01,72.01,2
2019-05-02,70.56,2
2019-05-03,71.95,2
2019-05-06,71.95,2
2019-05-07,70.98,2
2019-05-08,71.09,2
2019-05-09,70.61,2
2019-05-10,71.63,2
2019-05-13,72.35,2
2019-05-14,72.53,2
2019-05-15,73.09,2
2019-05-16,74.7,2
2019-05-17,73.94,2
2019-05-20,73.21,2
2019-05-21,72.94,2
2019-05-22,71.94,2
2019-05-23,68.37,2
2019-05-24,67.98,2
2019-05-28,70.19,2
2019-05-29,70.64,2
2019-05-30,69.55,2
2019-05-31,66.78,2
2019-06-03,63.16,2
2019-06-04,63.56,2
2019-06-05,62.14,2
2019-06-06,62.77,2
2019-06-07,64.1,2
2019-06-10,64.31,2
2019-06-11,63.56,2
2019-06-12,61.66,2
2019-06-13,63.28,2
2019-06-14,63.13,2
2019-06-17,62.56,2
2019-06-18,63.35,2
2019-06-19,62.85,2
2019-06-20,65.44,2
2019-06-21,65.99,2
2019-06-24,65.16,2
2019-06-25,66.24,2
2019-06-26,66.85,2
2019-06-27,66.78,2
2019-06-28,67.52,2
2019-07-01,65.1,3
2019-07-02,62.72,3
2019-07-03,63.53,3
2019-07-04,63.62,3
2019-07-05,64.23,3
2019-07-08,64.89,3
2019-07-09,64.3,3
2019-07-10,66.41,3
2019-07-11,67.64,3
2019-07-12,66.65,3
2019-07-15,66.86,3
2019-07-16,65.87,3
2019-07-17,63.67,3
2019-07-18,60.7,3
2019-07-19,61.04,3
2019-07-22,61.96,3
2019-07-23,62.28,3
2019-07-24,63.83,3
2019-07-25,63.47,3
2019-07-26,62.46,3
2019-07-29,62.29,3
2019-07-30,62.55,3
2019-07-31,64.07,3
2019-08-01,62.9,3
2019-08-02,61.12,3
2019-08-05,59.32,3
2019-08-06,58.63,3
2019-08-07,55.03,3
2019-08-08,56.29,3
2019-08-09,57.37,3
2019-08-12,57.13,3
2019-08-13,59.9,3
2019-08-14,57.86,3
2019-08-15,57.37,3
2019-08-16,59.0,3
2019-08-19,59.79,3
2019-08-20,59.03,3
2019-08-21,60.6,3
2019-08-22,59.81,3
2019-08-23,58.64,3
2019-08-26,58.64,3
2019-08-27,58.44,3
2019-08-28,60.42,3
2019-08-29,60.59,3
2019-08-30,61.04,3
2019-09-02,58.55,3
2019-09-03,57.93,3
2019-09-04,60.68,3
2019-09-05,62.7,3
2019-09-06,61.28,3
2019-09-09,63.99,3
2019-09-10,64.67,3
2019-09-11,63.02,3
2019-09-12,60.76,3
2019-09-13,61.25,3
2019-09-16,68.42,3
2019-09-17,65.59,3
2019-09-18,64.29,3
2019-09-19,64.25,3
2019-09-20,65.23,3
2019-09-23,64.66,3
2019-09-24,64.13,3
2019-09-25,62.41,3
2019-09-26,62.08,3
2019-09-27,62.48,3
2019-09-30,60.99,3
